ISO-10303-21;
HEADER;
FILE_DESCRIPTION(('FreeCAD Model'),'2;1');
FILE_NAME('Open CASCADE Shape Model','2026-10-04T15:40:49',('Author'),(
    ''),'Open CASCADE STEP processor 7.9','FreeCAD','Unknown');
FILE_SCHEMA(('AUTOMOTIVE_DESIGN { 1 0 10303 214 1 1 1 1 }'));
ENDSEC;
DATA;
#1 = APPLICATION_PROTOCOL_DEFINITION('international standard',
  'automotive_design',2000,#2);
#2 = APPLICATION_CONTEXT(
  'core data for automotive mechanical design processes');
#3 = SHAPE_DEFINITION_REPRESENTATION(#4,#10);
#4 = PRODUCT_DEFINITION_SHAPE('','',#5);
#5 = PRODUCT_DEFINITION('design','',#6,#9);
#6 = PRODUCT_DEFINITION_FORMATION('','',#7);
#7 = PRODUCT('XY-3606_HCW-P715','XY-3606_HCW-P715','',(#8));
#8 = PRODUCT_CONTEXT('',#2,'mechanical');
#9 = PRODUCT_DEFINITION_CONTEXT('part definition',#2,'design');
#10 = SHAPE_REPRESENTATION('',(#11,#15,#19,#23,#27,#31,#35,#39,#43,#47,
    #51,#55,#59,#63,#67,#71,#75),#79);
#11 = AXIS2_PLACEMENT_3D('',#12,#13,#14);
#12 = CARTESIAN_POINT('',(0.,0.,0.));
#13 = DIRECTION('',(0.,0.,1.));
#14 = DIRECTION('',(1.,0.,-0.));
#15 = AXIS2_PLACEMENT_3D('',#16,#17,#18);
#16 = CARTESIAN_POINT('',(0.,0.,0.));
#17 = DIRECTION('',(0.,0.,1.));
#18 = DIRECTION('',(1.,0.,0.));
#19 = AXIS2_PLACEMENT_3D('',#20,#21,#22);
#20 = CARTESIAN_POINT('',(0.,0.,0.));
#21 = DIRECTION('',(0.,0.,1.));
#22 = DIRECTION('',(1.,0.,0.));
#23 = AXIS2_PLACEMENT_3D('',#24,#25,#26);
#24 = CARTESIAN_POINT('',(0.,0.,0.));
#25 = DIRECTION('',(0.,0.,1.));
#26 = DIRECTION('',(1.,0.,0.));
#27 = AXIS2_PLACEMENT_3D('',#28,#29,#30);
#28 = CARTESIAN_POINT('',(0.,0.,0.));
#29 = DIRECTION('',(0.,0.,1.));
#30 = DIRECTION('',(1.,0.,0.));
#31 = AXIS2_PLACEMENT_3D('',#32,#33,#34);
#32 = CARTESIAN_POINT('',(0.,0.,0.));
#33 = DIRECTION('',(0.,0.,1.));
#34 = DIRECTION('',(1.,0.,0.));
#35 = AXIS2_PLACEMENT_3D('',#36,#37,#38);
#36 = CARTESIAN_POINT('',(0.,0.,0.));
#37 = DIRECTION('',(0.,0.,1.));
#38 = DIRECTION('',(1.,0.,0.));
#39 = AXIS2_PLACEMENT_3D('',#40,#41,#42);
#40 = CARTESIAN_POINT('',(0.,0.,0.));
#41 = DIRECTION('',(0.,0.,1.));
#42 = DIRECTION('',(1.,0.,0.));
#43 = AXIS2_PLACEMENT_3D('',#44,#45,#46);
#44 = CARTESIAN_POINT('',(0.,0.,0.));
#45 = DIRECTION('',(0.,0.,1.));
#46 = DIRECTION('',(1.,0.,0.));
#47 = AXIS2_PLACEMENT_3D('',#48,#49,#50);
#48 = CARTESIAN_POINT('',(0.,0.,0.));
#49 = DIRECTION('',(0.,0.,1.));
#50 = DIRECTION('',(1.,0.,0.));
#51 = AXIS2_PLACEMENT_3D('',#52,#53,#54);
#52 = CARTESIAN_POINT('',(0.,0.,0.));
#53 = DIRECTION('',(0.,0.,1.));
#54 = DIRECTION('',(1.,0.,0.));
#55 = AXIS2_PLACEMENT_3D('',#56,#57,#58);
#56 = CARTESIAN_POINT('',(0.,0.,0.));
#57 = DIRECTION('',(0.,0.,1.));
#58 = DIRECTION('',(1.,0.,0.));
#59 = AXIS2_PLACEMENT_3D('',#60,#61,#62);
#60 = CARTESIAN_POINT('',(0.,0.,0.));
#61 = DIRECTION('',(0.,0.,1.));
#62 = DIRECTION('',(1.,0.,0.));
#63 = AXIS2_PLACEMENT_3D('',#64,#65,#66);
#64 = CARTESIAN_POINT('',(0.,0.,0.));
#65 = DIRECTION('',(0.,0.,1.));
#66 = DIRECTION('',(1.,0.,0.));
#67 = AXIS2_PLACEMENT_3D('',#68,#69,#70);
#68 = CARTESIAN_POINT('',(0.,0.,0.));
#69 = DIRECTION('',(0.,0.,1.));
#70 = DIRECTION('',(1.,0.,0.));
#71 = AXIS2_PLACEMENT_3D('',#72,#73,#74);
#72 = CARTESIAN_POINT('',(0.,0.,0.));
#73 = DIRECTION('',(0.,0.,1.));
#74 = DIRECTION('',(1.,0.,0.));
#75 = AXIS2_PLACEMENT_3D('',#76,#77,#78);
#76 = CARTESIAN_POINT('',(0.,0.,0.));
#77 = DIRECTION('',(0.,0.,1.));
#78 = DIRECTION('',(1.,0.,0.));
#79 = ( GEOMETRIC_REPRESENTATION_CONTEXT(3) 
GLOBAL_UNCERTAINTY_ASSIGNED_CONTEXT((#83)) GLOBAL_UNIT_ASSIGNED_CONTEXT(
(#80,#81,#82)) REPRESENTATION_CONTEXT('Context #1',
  '3D Context with UNIT and UNCERTAINTY') );
#80 = ( LENGTH_UNIT() NAMED_UNIT(*) SI_UNIT(.MILLI.,.METRE.) );
#81 = ( NAMED_UNIT(*) PLANE_ANGLE_UNIT() SI_UNIT($,.RADIAN.) );
#82 = ( NAMED_UNIT(*) SI_UNIT($,.STERADIAN.) SOLID_ANGLE_UNIT() );
#83 = UNCERTAINTY_MEASURE_WITH_UNIT(LENGTH_MEASURE(1.E-07),#80,
  'distance_accuracy_value','confusion accuracy');
#84 = PRODUCT_RELATED_PRODUCT_CATEGORY('part',$,(#7));
#85 = SHAPE_DEFINITION_REPRESENTATION(#86,#92);
#86 = PRODUCT_DEFINITION_SHAPE('','',#87);
#87 = PRODUCT_DEFINITION('design','',#88,#91);
#88 = PRODUCT_DEFINITION_FORMATION('','',#89);
#89 = PRODUCT('PCB_63x27x1.6','PCB_63x27x1.6','',(#90));
#90 = PRODUCT_CONTEXT('',#2,'mechanical');
#91 = PRODUCT_DEFINITION_CONTEXT('part definition',#2,'design');
#92 = ADVANCED_BREP_SHAPE_REPRESENTATION('',(#11,#93),#243);
#93 = MANIFOLD_SOLID_BREP('',#94);
#94 = CLOSED_SHELL('',(#95,#135,#175,#197,#219,#231));
#95 = ADVANCED_FACE('',(#96),#130,.F.);
#96 = FACE_BOUND('',#97,.T.);
#97 = EDGE_LOOP('',(#98,#108,#116,#124));
#98 = ORIENTED_EDGE('',*,*,#99,.T.);
#99 = EDGE_CURVE('',#100,#102,#104,.T.);
#100 = VERTEX_POINT('',#101);
#101 = CARTESIAN_POINT('',(0.,0.,0.));
#102 = VERTEX_POINT('',#103);
#103 = CARTESIAN_POINT('',(0.,0.,1.6));
#104 = LINE('',#105,#106);
#105 = CARTESIAN_POINT('',(0.,0.,0.));
#106 = VECTOR('',#107,1.);
#107 = DIRECTION('',(0.,0.,1.));
#108 = ORIENTED_EDGE('',*,*,#109,.T.);
#109 = EDGE_CURVE('',#102,#110,#112,.T.);
#110 = VERTEX_POINT('',#111);
#111 = CARTESIAN_POINT('',(0.,27.,1.6));
#112 = LINE('',#113,#114);
#113 = CARTESIAN_POINT('',(0.,0.,1.6));
#114 = VECTOR('',#115,1.);
#115 = DIRECTION('',(0.,1.,0.));
#116 = ORIENTED_EDGE('',*,*,#117,.F.);
#117 = EDGE_CURVE('',#118,#110,#120,.T.);
#118 = VERTEX_POINT('',#119);
#119 = CARTESIAN_POINT('',(0.,27.,0.));
#120 = LINE('',#121,#122);
#121 = CARTESIAN_POINT('',(0.,27.,0.));
#122 = VECTOR('',#123,1.);
#123 = DIRECTION('',(0.,0.,1.));
#124 = ORIENTED_EDGE('',*,*,#125,.F.);
#125 = EDGE_CURVE('',#100,#118,#126,.T.);
#126 = LINE('',#127,#128);
#127 = CARTESIAN_POINT('',(0.,0.,0.));
#128 = VECTOR('',#129,1.);
#129 = DIRECTION('',(0.,1.,0.));
#130 = PLANE('',#131);
#131 = AXIS2_PLACEMENT_3D('',#132,#133,#134);
#132 = CARTESIAN_POINT('',(0.,0.,0.));
#133 = DIRECTION('',(1.,0.,0.));
#134 = DIRECTION('',(0.,0.,1.));
#135 = ADVANCED_FACE('',(#136),#170,.T.);
#136 = FACE_BOUND('',#137,.T.);
#137 = EDGE_LOOP('',(#138,#148,#156,#164));
#138 = ORIENTED_EDGE('',*,*,#139,.F.);
#139 = EDGE_CURVE('',#140,#142,#144,.T.);
#140 = VERTEX_POINT('',#141);
#141 = CARTESIAN_POINT('',(63.,0.,0.));
#142 = VERTEX_POINT('',#143);
#143 = CARTESIAN_POINT('',(63.,0.,1.6));
#144 = LINE('',#145,#146);
#145 = CARTESIAN_POINT('',(63.,0.,0.));
#146 = VECTOR('',#147,1.);
#147 = DIRECTION('',(0.,0.,1.));
#148 = ORIENTED_EDGE('',*,*,#149,.T.);
#149 = EDGE_CURVE('',#140,#150,#152,.T.);
#150 = VERTEX_POINT('',#151);
#151 = CARTESIAN_POINT('',(63.,27.,0.));
#152 = LINE('',#153,#154);
#153 = CARTESIAN_POINT('',(63.,0.,0.));
#154 = VECTOR('',#155,1.);
#155 = DIRECTION('',(0.,1.,0.));
#156 = ORIENTED_EDGE('',*,*,#157,.T.);
#157 = EDGE_CURVE('',#150,#158,#160,.T.);
#158 = VERTEX_POINT('',#159);
#159 = CARTESIAN_POINT('',(63.,27.,1.6));
#160 = LINE('',#161,#162);
#161 = CARTESIAN_POINT('',(63.,27.,0.));
#162 = VECTOR('',#163,1.);
#163 = DIRECTION('',(0.,0.,1.));
#164 = ORIENTED_EDGE('',*,*,#165,.F.);
#165 = EDGE_CURVE('',#142,#158,#166,.T.);
#166 = LINE('',#167,#168);
#167 = CARTESIAN_POINT('',(63.,0.,1.6));
#168 = VECTOR('',#169,1.);
#169 = DIRECTION('',(0.,1.,0.));
#170 = PLANE('',#171);
#171 = AXIS2_PLACEMENT_3D('',#172,#173,#174);
#172 = CARTESIAN_POINT('',(63.,0.,0.));
#173 = DIRECTION('',(1.,0.,0.));
#174 = DIRECTION('',(0.,0.,1.));
#175 = ADVANCED_FACE('',(#176),#192,.F.);
#176 = FACE_BOUND('',#177,.T.);
#177 = EDGE_LOOP('',(#178,#184,#185,#191));
#178 = ORIENTED_EDGE('',*,*,#179,.T.);
#179 = EDGE_CURVE('',#100,#140,#180,.T.);
#180 = LINE('',#181,#182);
#181 = CARTESIAN_POINT('',(0.,0.,0.));
#182 = VECTOR('',#183,1.);
#183 = DIRECTION('',(1.,0.,0.));
#184 = ORIENTED_EDGE('',*,*,#139,.T.);
#185 = ORIENTED_EDGE('',*,*,#186,.F.);
#186 = EDGE_CURVE('',#102,#142,#187,.T.);
#187 = LINE('',#188,#189);
#188 = CARTESIAN_POINT('',(0.,0.,1.6));
#189 = VECTOR('',#190,1.);
#190 = DIRECTION('',(1.,0.,0.));
#191 = ORIENTED_EDGE('',*,*,#99,.F.);
#192 = PLANE('',#193);
#193 = AXIS2_PLACEMENT_3D('',#194,#195,#196);
#194 = CARTESIAN_POINT('',(0.,0.,0.));
#195 = DIRECTION('',(0.,1.,0.));
#196 = DIRECTION('',(0.,-0.,1.));
#197 = ADVANCED_FACE('',(#198),#214,.T.);
#198 = FACE_BOUND('',#199,.T.);
#199 = EDGE_LOOP('',(#200,#206,#207,#213));
#200 = ORIENTED_EDGE('',*,*,#201,.F.);
#201 = EDGE_CURVE('',#118,#150,#202,.T.);
#202 = LINE('',#203,#204);
#203 = CARTESIAN_POINT('',(0.,27.,0.));
#204 = VECTOR('',#205,1.);
#205 = DIRECTION('',(1.,0.,0.));
#206 = ORIENTED_EDGE('',*,*,#117,.T.);
#207 = ORIENTED_EDGE('',*,*,#208,.T.);
#208 = EDGE_CURVE('',#110,#158,#209,.T.);
#209 = LINE('',#210,#211);
#210 = CARTESIAN_POINT('',(0.,27.,1.6));
#211 = VECTOR('',#212,1.);
#212 = DIRECTION('',(1.,0.,0.));
#213 = ORIENTED_EDGE('',*,*,#157,.F.);
#214 = PLANE('',#215);
#215 = AXIS2_PLACEMENT_3D('',#216,#217,#218);
#216 = CARTESIAN_POINT('',(0.,27.,0.));
#217 = DIRECTION('',(0.,1.,0.));
#218 = DIRECTION('',(0.,-0.,1.));
#219 = ADVANCED_FACE('',(#220),#226,.F.);
#220 = FACE_BOUND('',#221,.T.);
#221 = EDGE_LOOP('',(#222,#223,#224,#225));
#222 = ORIENTED_EDGE('',*,*,#125,.T.);
#223 = ORIENTED_EDGE('',*,*,#201,.T.);
#224 = ORIENTED_EDGE('',*,*,#149,.F.);
#225 = ORIENTED_EDGE('',*,*,#179,.F.);
#226 = PLANE('',#227);
#227 = AXIS2_PLACEMENT_3D('',#228,#229,#230);
#228 = CARTESIAN_POINT('',(0.,0.,0.));
#229 = DIRECTION('',(0.,0.,1.));
#230 = DIRECTION('',(1.,0.,-0.));
#231 = ADVANCED_FACE('',(#232),#238,.T.);
#232 = FACE_BOUND('',#233,.T.);
#233 = EDGE_LOOP('',(#234,#235,#236,#237));
#234 = ORIENTED_EDGE('',*,*,#109,.F.);
#235 = ORIENTED_EDGE('',*,*,#186,.T.);
#236 = ORIENTED_EDGE('',*,*,#165,.T.);
#237 = ORIENTED_EDGE('',*,*,#208,.F.);
#238 = PLANE('',#239);
#239 = AXIS2_PLACEMENT_3D('',#240,#241,#242);
#240 = CARTESIAN_POINT('',(0.,0.,1.6));
#241 = DIRECTION('',(0.,0.,1.));
#242 = DIRECTION('',(1.,0.,-0.));
#243 = ( GEOMETRIC_REPRESENTATION_CONTEXT(3) 
GLOBAL_UNCERTAINTY_ASSIGNED_CONTEXT((#247)) GLOBAL_UNIT_ASSIGNED_CONTEXT
((#244,#245,#246)) REPRESENTATION_CONTEXT('Context #1',
  '3D Context with UNIT and UNCERTAINTY') );
#244 = ( LENGTH_UNIT() NAMED_UNIT(*) SI_UNIT(.MILLI.,.METRE.) );
#245 = ( NAMED_UNIT(*) PLANE_ANGLE_UNIT() SI_UNIT($,.RADIAN.) );
#246 = ( NAMED_UNIT(*) SI_UNIT($,.STERADIAN.) SOLID_ANGLE_UNIT() );
#247 = UNCERTAINTY_MEASURE_WITH_UNIT(LENGTH_MEASURE(1.E-07),#244,
  'distance_accuracy_value','confusion accuracy');
#248 = CONTEXT_DEPENDENT_SHAPE_REPRESENTATION(#249,#251);
#249 = ( REPRESENTATION_RELATIONSHIP('','',#92,#10) 
REPRESENTATION_RELATIONSHIP_WITH_TRANSFORMATION(#250) 
SHAPE_REPRESENTATION_RELATIONSHIP() );
#250 = ITEM_DEFINED_TRANSFORMATION('','',#11,#15);
#251 = PRODUCT_DEFINITION_SHAPE('Placement','Placement of an item',#252
  );
#252 = NEXT_ASSEMBLY_USAGE_OCCURRENCE('1','PCB_63x27x1.6','',#5,#87,$);
#253 = PRODUCT_RELATED_PRODUCT_CATEGORY('part',$,(#89));
#254 = SHAPE_DEFINITION_REPRESENTATION(#255,#261);
#255 = PRODUCT_DEFINITION_SHAPE('','',#256);
#256 = PRODUCT_DEFINITION('design','',#257,#260);
#257 = PRODUCT_DEFINITION_FORMATION('','',#258);
#258 = PRODUCT('DC_barrel_jack_body','DC_barrel_jack_body','',(#259));
#259 = PRODUCT_CONTEXT('',#2,'mechanical');
#260 = PRODUCT_DEFINITION_CONTEXT('part definition',#2,'design');
#261 = ADVANCED_BREP_SHAPE_REPRESENTATION('',(#11,#262),#412);
#262 = MANIFOLD_SOLID_BREP('',#263);
#263 = CLOSED_SHELL('',(#264,#304,#344,#366,#388,#400));
#264 = ADVANCED_FACE('',(#265),#299,.F.);
#265 = FACE_BOUND('',#266,.T.);
#266 = EDGE_LOOP('',(#267,#277,#285,#293));
#267 = ORIENTED_EDGE('',*,*,#268,.T.);
#268 = EDGE_CURVE('',#269,#271,#273,.T.);
#269 = VERTEX_POINT('',#270);
#270 = CARTESIAN_POINT('',(1.2,1.,1.6));
#271 = VERTEX_POINT('',#272);
#272 = CARTESIAN_POINT('',(1.2,1.,11.4));
#273 = LINE('',#274,#275);
#274 = CARTESIAN_POINT('',(1.2,1.,1.6));
#275 = VECTOR('',#276,1.);
#276 = DIRECTION('',(0.,0.,1.));
#277 = ORIENTED_EDGE('',*,*,#278,.T.);
#278 = EDGE_CURVE('',#271,#279,#281,.T.);
#279 = VERTEX_POINT('',#280);
#280 = CARTESIAN_POINT('',(1.2,11.5,11.4));
#281 = LINE('',#282,#283);
#282 = CARTESIAN_POINT('',(1.2,1.,11.4));
#283 = VECTOR('',#284,1.);
#284 = DIRECTION('',(0.,1.,0.));
#285 = ORIENTED_EDGE('',*,*,#286,.F.);
#286 = EDGE_CURVE('',#287,#279,#289,.T.);
#287 = VERTEX_POINT('',#288);
#288 = CARTESIAN_POINT('',(1.2,11.5,1.6));
#289 = LINE('',#290,#291);
#290 = CARTESIAN_POINT('',(1.2,11.5,1.6));
#291 = VECTOR('',#292,1.);
#292 = DIRECTION('',(0.,0.,1.));
#293 = ORIENTED_EDGE('',*,*,#294,.F.);
#294 = EDGE_CURVE('',#269,#287,#295,.T.);
#295 = LINE('',#296,#297);
#296 = CARTESIAN_POINT('',(1.2,1.,1.6));
#297 = VECTOR('',#298,1.);
#298 = DIRECTION('',(0.,1.,0.));
#299 = PLANE('',#300);
#300 = AXIS2_PLACEMENT_3D('',#301,#302,#303);
#301 = CARTESIAN_POINT('',(1.2,1.,1.6));
#302 = DIRECTION('',(1.,0.,0.));
#303 = DIRECTION('',(0.,0.,1.));
#304 = ADVANCED_FACE('',(#305),#339,.T.);
#305 = FACE_BOUND('',#306,.T.);
#306 = EDGE_LOOP('',(#307,#317,#325,#333));
#307 = ORIENTED_EDGE('',*,*,#308,.F.);
#308 = EDGE_CURVE('',#309,#311,#313,.T.);
#309 = VERTEX_POINT('',#310);
#310 = CARTESIAN_POINT('',(15.2,1.,1.6));
#311 = VERTEX_POINT('',#312);
#312 = CARTESIAN_POINT('',(15.2,1.,11.4));
#313 = LINE('',#314,#315);
#314 = CARTESIAN_POINT('',(15.2,1.,1.6));
#315 = VECTOR('',#316,1.);
#316 = DIRECTION('',(0.,0.,1.));
#317 = ORIENTED_EDGE('',*,*,#318,.T.);
#318 = EDGE_CURVE('',#309,#319,#321,.T.);
#319 = VERTEX_POINT('',#320);
#320 = CARTESIAN_POINT('',(15.2,11.5,1.6));
#321 = LINE('',#322,#323);
#322 = CARTESIAN_POINT('',(15.2,1.,1.6));
#323 = VECTOR('',#324,1.);
#324 = DIRECTION('',(0.,1.,0.));
#325 = ORIENTED_EDGE('',*,*,#326,.T.);
#326 = EDGE_CURVE('',#319,#327,#329,.T.);
#327 = VERTEX_POINT('',#328);
#328 = CARTESIAN_POINT('',(15.2,11.5,11.4));
#329 = LINE('',#330,#331);
#330 = CARTESIAN_POINT('',(15.2,11.5,1.6));
#331 = VECTOR('',#332,1.);
#332 = DIRECTION('',(0.,0.,1.));
#333 = ORIENTED_EDGE('',*,*,#334,.F.);
#334 = EDGE_CURVE('',#311,#327,#335,.T.);
#335 = LINE('',#336,#337);
#336 = CARTESIAN_POINT('',(15.2,1.,11.4));
#337 = VECTOR('',#338,1.);
#338 = DIRECTION('',(0.,1.,0.));
#339 = PLANE('',#340);
#340 = AXIS2_PLACEMENT_3D('',#341,#342,#343);
#341 = CARTESIAN_POINT('',(15.2,1.,1.6));
#342 = DIRECTION('',(1.,0.,0.));
#343 = DIRECTION('',(0.,0.,1.));
#344 = ADVANCED_FACE('',(#345),#361,.F.);
#345 = FACE_BOUND('',#346,.T.);
#346 = EDGE_LOOP('',(#347,#353,#354,#360));
#347 = ORIENTED_EDGE('',*,*,#348,.T.);
#348 = EDGE_CURVE('',#269,#309,#349,.T.);
#349 = LINE('',#350,#351);
#350 = CARTESIAN_POINT('',(1.2,1.,1.6));
#351 = VECTOR('',#352,1.);
#352 = DIRECTION('',(1.,0.,0.));
#353 = ORIENTED_EDGE('',*,*,#308,.T.);
#354 = ORIENTED_EDGE('',*,*,#355,.F.);
#355 = EDGE_CURVE('',#271,#311,#356,.T.);
#356 = LINE('',#357,#358);
#357 = CARTESIAN_POINT('',(1.2,1.,11.4));
#358 = VECTOR('',#359,1.);
#359 = DIRECTION('',(1.,0.,0.));
#360 = ORIENTED_EDGE('',*,*,#268,.F.);
#361 = PLANE('',#362);
#362 = AXIS2_PLACEMENT_3D('',#363,#364,#365);
#363 = CARTESIAN_POINT('',(1.2,1.,1.6));
#364 = DIRECTION('',(0.,1.,0.));
#365 = DIRECTION('',(0.,-0.,1.));
#366 = ADVANCED_FACE('',(#367),#383,.T.);
#367 = FACE_BOUND('',#368,.T.);
#368 = EDGE_LOOP('',(#369,#375,#376,#382));
#369 = ORIENTED_EDGE('',*,*,#370,.F.);
#370 = EDGE_CURVE('',#287,#319,#371,.T.);
#371 = LINE('',#372,#373);
#372 = CARTESIAN_POINT('',(1.2,11.5,1.6));
#373 = VECTOR('',#374,1.);
#374 = DIRECTION('',(1.,0.,0.));
#375 = ORIENTED_EDGE('',*,*,#286,.T.);
#376 = ORIENTED_EDGE('',*,*,#377,.T.);
#377 = EDGE_CURVE('',#279,#327,#378,.T.);
#378 = LINE('',#379,#380);
#379 = CARTESIAN_POINT('',(1.2,11.5,11.4));
#380 = VECTOR('',#381,1.);
#381 = DIRECTION('',(1.,0.,0.));
#382 = ORIENTED_EDGE('',*,*,#326,.F.);
#383 = PLANE('',#384);
#384 = AXIS2_PLACEMENT_3D('',#385,#386,#387);
#385 = CARTESIAN_POINT('',(1.2,11.5,1.6));
#386 = DIRECTION('',(0.,1.,0.));
#387 = DIRECTION('',(0.,-0.,1.));
#388 = ADVANCED_FACE('',(#389),#395,.F.);
#389 = FACE_BOUND('',#390,.T.);
#390 = EDGE_LOOP('',(#391,#392,#393,#394));
#391 = ORIENTED_EDGE('',*,*,#294,.T.);
#392 = ORIENTED_EDGE('',*,*,#370,.T.);
#393 = ORIENTED_EDGE('',*,*,#318,.F.);
#394 = ORIENTED_EDGE('',*,*,#348,.F.);
#395 = PLANE('',#396);
#396 = AXIS2_PLACEMENT_3D('',#397,#398,#399);
#397 = CARTESIAN_POINT('',(1.2,1.,1.6));
#398 = DIRECTION('',(0.,0.,1.));
#399 = DIRECTION('',(1.,0.,-0.));
#400 = ADVANCED_FACE('',(#401),#407,.T.);
#401 = FACE_BOUND('',#402,.T.);
#402 = EDGE_LOOP('',(#403,#404,#405,#406));
#403 = ORIENTED_EDGE('',*,*,#278,.F.);
#404 = ORIENTED_EDGE('',*,*,#355,.T.);
#405 = ORIENTED_EDGE('',*,*,#334,.T.);
#406 = ORIENTED_EDGE('',*,*,#377,.F.);
#407 = PLANE('',#408);
#408 = AXIS2_PLACEMENT_3D('',#409,#410,#411);
#409 = CARTESIAN_POINT('',(1.2,1.,11.4));
#410 = DIRECTION('',(0.,0.,1.));
#411 = DIRECTION('',(1.,0.,-0.));
#412 = ( GEOMETRIC_REPRESENTATION_CONTEXT(3) 
GLOBAL_UNCERTAINTY_ASSIGNED_CONTEXT((#416)) GLOBAL_UNIT_ASSIGNED_CONTEXT
((#413,#414,#415)) REPRESENTATION_CONTEXT('Context #1',
  '3D Context with UNIT and UNCERTAINTY') );
#413 = ( LENGTH_UNIT() NAMED_UNIT(*) SI_UNIT(.MILLI.,.METRE.) );
#414 = ( NAMED_UNIT(*) PLANE_ANGLE_UNIT() SI_UNIT($,.RADIAN.) );
#415 = ( NAMED_UNIT(*) SI_UNIT($,.STERADIAN.) SOLID_ANGLE_UNIT() );
#416 = UNCERTAINTY_MEASURE_WITH_UNIT(LENGTH_MEASURE(1.E-07),#413,
  'distance_accuracy_value','confusion accuracy');
#417 = CONTEXT_DEPENDENT_SHAPE_REPRESENTATION(#418,#420);
#418 = ( REPRESENTATION_RELATIONSHIP('','',#261,#10) 
REPRESENTATION_RELATIONSHIP_WITH_TRANSFORMATION(#419) 
SHAPE_REPRESENTATION_RELATIONSHIP() );
#419 = ITEM_DEFINED_TRANSFORMATION('','',#11,#19);
#420 = PRODUCT_DEFINITION_SHAPE('Placement','Placement of an item',#421
  );
#421 = NEXT_ASSEMBLY_USAGE_OCCURRENCE('2','DC_barrel_jack_body','',#5,
  #256,$);
#422 = PRODUCT_RELATED_PRODUCT_CATEGORY('part',$,(#258));
#423 = SHAPE_DEFINITION_REPRESENTATION(#424,#430);
#424 = PRODUCT_DEFINITION_SHAPE('','',#425);
#425 = PRODUCT_DEFINITION('design','',#426,#429);
#426 = PRODUCT_DEFINITION_FORMATION('','',#427);
#427 = PRODUCT('DC_barrel_jack_nose','DC_barrel_jack_nose','',(#428));
#428 = PRODUCT_CONTEXT('',#2,'mechanical');
#429 = PRODUCT_DEFINITION_CONTEXT('part definition',#2,'design');
#430 = ADVANCED_BREP_SHAPE_REPRESENTATION('',(#11,#431),#484);
#431 = MANIFOLD_SOLID_BREP('',#432);
#432 = CLOSED_SHELL('',(#433,#466,#475));
#433 = ADVANCED_FACE('',(#434),#461,.T.);
#434 = FACE_BOUND('',#435,.T.);
#435 = EDGE_LOOP('',(#436,#445,#453,#460));
#436 = ORIENTED_EDGE('',*,*,#437,.F.);
#437 = EDGE_CURVE('',#438,#438,#440,.T.);
#438 = VERTEX_POINT('',#439);
#439 = CARTESIAN_POINT('',(-1.8,6.25,11.1));
#440 = CIRCLE('',#441,4.5);
#441 = AXIS2_PLACEMENT_3D('',#442,#443,#444);
#442 = CARTESIAN_POINT('',(-1.8,6.25,6.6));
#443 = DIRECTION('',(-1.,0.,0.));
#444 = DIRECTION('',(0.,0.,-1.));
#445 = ORIENTED_EDGE('',*,*,#446,.T.);
#446 = EDGE_CURVE('',#438,#447,#449,.T.);
#447 = VERTEX_POINT('',#448);
#448 = CARTESIAN_POINT('',(1.2,6.25,11.1));
#449 = LINE('',#450,#451);
#450 = CARTESIAN_POINT('',(1.2,6.25,11.1));
#451 = VECTOR('',#452,1.);
#452 = DIRECTION('',(1.,0.,0.));
#453 = ORIENTED_EDGE('',*,*,#454,.T.);
#454 = EDGE_CURVE('',#447,#447,#455,.T.);
#455 = CIRCLE('',#456,4.5);
#456 = AXIS2_PLACEMENT_3D('',#457,#458,#459);
#457 = CARTESIAN_POINT('',(1.2,6.25,6.6));
#458 = DIRECTION('',(-1.,0.,0.));
#459 = DIRECTION('',(0.,0.,-1.));
#460 = ORIENTED_EDGE('',*,*,#446,.F.);
#461 = CYLINDRICAL_SURFACE('',#462,4.5);
#462 = AXIS2_PLACEMENT_3D('',#463,#464,#465);
#463 = CARTESIAN_POINT('',(1.2,6.25,6.6));
#464 = DIRECTION('',(-1.,0.,0.));
#465 = DIRECTION('',(0.,0.,-1.));
#466 = ADVANCED_FACE('',(#467),#470,.T.);
#467 = FACE_BOUND('',#468,.T.);
#468 = EDGE_LOOP('',(#469));
#469 = ORIENTED_EDGE('',*,*,#437,.T.);
#470 = PLANE('',#471);
#471 = AXIS2_PLACEMENT_3D('',#472,#473,#474);
#472 = CARTESIAN_POINT('',(-1.8,6.25,6.6));
#473 = DIRECTION('',(-1.,0.,0.));
#474 = DIRECTION('',(0.,0.,-1.));
#475 = ADVANCED_FACE('',(#476),#479,.F.);
#476 = FACE_BOUND('',#477,.T.);
#477 = EDGE_LOOP('',(#478));
#478 = ORIENTED_EDGE('',*,*,#454,.F.);
#479 = PLANE('',#480);
#480 = AXIS2_PLACEMENT_3D('',#481,#482,#483);
#481 = CARTESIAN_POINT('',(1.2,6.25,6.6));
#482 = DIRECTION('',(-1.,0.,0.));
#483 = DIRECTION('',(0.,0.,-1.));
#484 = ( GEOMETRIC_REPRESENTATION_CONTEXT(3) 
GLOBAL_UNCERTAINTY_ASSIGNED_CONTEXT((#488)) GLOBAL_UNIT_ASSIGNED_CONTEXT
((#485,#486,#487)) REPRESENTATION_CONTEXT('Context #1',
  '3D Context with UNIT and UNCERTAINTY') );
#485 = ( LENGTH_UNIT() NAMED_UNIT(*) SI_UNIT(.MILLI.,.METRE.) );
#486 = ( NAMED_UNIT(*) PLANE_ANGLE_UNIT() SI_UNIT($,.RADIAN.) );
#487 = ( NAMED_UNIT(*) SI_UNIT($,.STERADIAN.) SOLID_ANGLE_UNIT() );
#488 = UNCERTAINTY_MEASURE_WITH_UNIT(LENGTH_MEASURE(1.E-07),#485,
  'distance_accuracy_value','confusion accuracy');
#489 = CONTEXT_DEPENDENT_SHAPE_REPRESENTATION(#490,#492);
#490 = ( REPRESENTATION_RELATIONSHIP('','',#430,#10) 
REPRESENTATION_RELATIONSHIP_WITH_TRANSFORMATION(#491) 
SHAPE_REPRESENTATION_RELATIONSHIP() );
#491 = ITEM_DEFINED_TRANSFORMATION('','',#11,#23);
#492 = PRODUCT_DEFINITION_SHAPE('Placement','Placement of an item',#493
  );
#493 = NEXT_ASSEMBLY_USAGE_OCCURRENCE('3','DC_barrel_jack_nose','',#5,
  #425,$);
#494 = PRODUCT_RELATED_PRODUCT_CATEGORY('part',$,(#427));
#495 = SHAPE_DEFINITION_REPRESENTATION(#496,#502);
#496 = PRODUCT_DEFINITION_SHAPE('','',#497);
#497 = PRODUCT_DEFINITION('design','',#498,#501);
#498 = PRODUCT_DEFINITION_FORMATION('','',#499);
#499 = PRODUCT('VIN_screw_terminal','VIN_screw_terminal','',(#500));
#500 = PRODUCT_CONTEXT('',#2,'mechanical');
#501 = PRODUCT_DEFINITION_CONTEXT('part definition',#2,'design');
#502 = ADVANCED_BREP_SHAPE_REPRESENTATION('',(#11,#503),#653);
#503 = MANIFOLD_SOLID_BREP('',#504);
#504 = CLOSED_SHELL('',(#505,#545,#585,#607,#629,#641));
#505 = ADVANCED_FACE('',(#506),#540,.F.);
#506 = FACE_BOUND('',#507,.T.);
#507 = EDGE_LOOP('',(#508,#518,#526,#534));
#508 = ORIENTED_EDGE('',*,*,#509,.T.);
#509 = EDGE_CURVE('',#510,#512,#514,.T.);
#510 = VERTEX_POINT('',#511);
#511 = CARTESIAN_POINT('',(2.,16.,1.6));
#512 = VERTEX_POINT('',#513);
#513 = CARTESIAN_POINT('',(2.,16.,10.8));
#514 = LINE('',#515,#516);
#515 = CARTESIAN_POINT('',(2.,16.,1.6));
#516 = VECTOR('',#517,1.);
#517 = DIRECTION('',(0.,0.,1.));
#518 = ORIENTED_EDGE('',*,*,#519,.T.);
#519 = EDGE_CURVE('',#512,#520,#522,.T.);
#520 = VERTEX_POINT('',#521);
#521 = CARTESIAN_POINT('',(2.,26.,10.8));
#522 = LINE('',#523,#524);
#523 = CARTESIAN_POINT('',(2.,16.,10.8));
#524 = VECTOR('',#525,1.);
#525 = DIRECTION('',(0.,1.,0.));
#526 = ORIENTED_EDGE('',*,*,#527,.F.);
#527 = EDGE_CURVE('',#528,#520,#530,.T.);
#528 = VERTEX_POINT('',#529);
#529 = CARTESIAN_POINT('',(2.,26.,1.6));
#530 = LINE('',#531,#532);
#531 = CARTESIAN_POINT('',(2.,26.,1.6));
#532 = VECTOR('',#533,1.);
#533 = DIRECTION('',(0.,0.,1.));
#534 = ORIENTED_EDGE('',*,*,#535,.F.);
#535 = EDGE_CURVE('',#510,#528,#536,.T.);
#536 = LINE('',#537,#538);
#537 = CARTESIAN_POINT('',(2.,16.,1.6));
#538 = VECTOR('',#539,1.);
#539 = DIRECTION('',(0.,1.,0.));
#540 = PLANE('',#541);
#541 = AXIS2_PLACEMENT_3D('',#542,#543,#544);
#542 = CARTESIAN_POINT('',(2.,16.,1.6));
#543 = DIRECTION('',(1.,0.,0.));
#544 = DIRECTION('',(0.,0.,1.));
#545 = ADVANCED_FACE('',(#546),#580,.T.);
#546 = FACE_BOUND('',#547,.T.);
#547 = EDGE_LOOP('',(#548,#558,#566,#574));
#548 = ORIENTED_EDGE('',*,*,#549,.F.);
#549 = EDGE_CURVE('',#550,#552,#554,.T.);
#550 = VERTEX_POINT('',#551);
#551 = CARTESIAN_POINT('',(10.,16.,1.6));
#552 = VERTEX_POINT('',#553);
#553 = CARTESIAN_POINT('',(10.,16.,10.8));
#554 = LINE('',#555,#556);
#555 = CARTESIAN_POINT('',(10.,16.,1.6));
#556 = VECTOR('',#557,1.);
#557 = DIRECTION('',(0.,0.,1.));
#558 = ORIENTED_EDGE('',*,*,#559,.T.);
#559 = EDGE_CURVE('',#550,#560,#562,.T.);
#560 = VERTEX_POINT('',#561);
#561 = CARTESIAN_POINT('',(10.,26.,1.6));
#562 = LINE('',#563,#564);
#563 = CARTESIAN_POINT('',(10.,16.,1.6));
#564 = VECTOR('',#565,1.);
#565 = DIRECTION('',(0.,1.,0.));
#566 = ORIENTED_EDGE('',*,*,#567,.T.);
#567 = EDGE_CURVE('',#560,#568,#570,.T.);
#568 = VERTEX_POINT('',#569);
#569 = CARTESIAN_POINT('',(10.,26.,10.8));
#570 = LINE('',#571,#572);
#571 = CARTESIAN_POINT('',(10.,26.,1.6));
#572 = VECTOR('',#573,1.);
#573 = DIRECTION('',(0.,0.,1.));
#574 = ORIENTED_EDGE('',*,*,#575,.F.);
#575 = EDGE_CURVE('',#552,#568,#576,.T.);
#576 = LINE('',#577,#578);
#577 = CARTESIAN_POINT('',(10.,16.,10.8));
#578 = VECTOR('',#579,1.);
#579 = DIRECTION('',(0.,1.,0.));
#580 = PLANE('',#581);
#581 = AXIS2_PLACEMENT_3D('',#582,#583,#584);
#582 = CARTESIAN_POINT('',(10.,16.,1.6));
#583 = DIRECTION('',(1.,0.,0.));
#584 = DIRECTION('',(0.,0.,1.));
#585 = ADVANCED_FACE('',(#586),#602,.F.);
#586 = FACE_BOUND('',#587,.T.);
#587 = EDGE_LOOP('',(#588,#594,#595,#601));
#588 = ORIENTED_EDGE('',*,*,#589,.T.);
#589 = EDGE_CURVE('',#510,#550,#590,.T.);
#590 = LINE('',#591,#592);
#591 = CARTESIAN_POINT('',(2.,16.,1.6));
#592 = VECTOR('',#593,1.);
#593 = DIRECTION('',(1.,0.,0.));
#594 = ORIENTED_EDGE('',*,*,#549,.T.);
#595 = ORIENTED_EDGE('',*,*,#596,.F.);
#596 = EDGE_CURVE('',#512,#552,#597,.T.);
#597 = LINE('',#598,#599);
#598 = CARTESIAN_POINT('',(2.,16.,10.8));
#599 = VECTOR('',#600,1.);
#600 = DIRECTION('',(1.,0.,0.));
#601 = ORIENTED_EDGE('',*,*,#509,.F.);
#602 = PLANE('',#603);
#603 = AXIS2_PLACEMENT_3D('',#604,#605,#606);
#604 = CARTESIAN_POINT('',(2.,16.,1.6));
#605 = DIRECTION('',(0.,1.,0.));
#606 = DIRECTION('',(0.,-0.,1.));
#607 = ADVANCED_FACE('',(#608),#624,.T.);
#608 = FACE_BOUND('',#609,.T.);
#609 = EDGE_LOOP('',(#610,#616,#617,#623));
#610 = ORIENTED_EDGE('',*,*,#611,.F.);
#611 = EDGE_CURVE('',#528,#560,#612,.T.);
#612 = LINE('',#613,#614);
#613 = CARTESIAN_POINT('',(2.,26.,1.6));
#614 = VECTOR('',#615,1.);
#615 = DIRECTION('',(1.,0.,0.));
#616 = ORIENTED_EDGE('',*,*,#527,.T.);
#617 = ORIENTED_EDGE('',*,*,#618,.T.);
#618 = EDGE_CURVE('',#520,#568,#619,.T.);
#619 = LINE('',#620,#621);
#620 = CARTESIAN_POINT('',(2.,26.,10.8));
#621 = VECTOR('',#622,1.);
#622 = DIRECTION('',(1.,0.,0.));
#623 = ORIENTED_EDGE('',*,*,#567,.F.);
#624 = PLANE('',#625);
#625 = AXIS2_PLACEMENT_3D('',#626,#627,#628);
#626 = CARTESIAN_POINT('',(2.,26.,1.6));
#627 = DIRECTION('',(0.,1.,0.));
#628 = DIRECTION('',(0.,-0.,1.));
#629 = ADVANCED_FACE('',(#630),#636,.F.);
#630 = FACE_BOUND('',#631,.T.);
#631 = EDGE_LOOP('',(#632,#633,#634,#635));
#632 = ORIENTED_EDGE('',*,*,#535,.T.);
#633 = ORIENTED_EDGE('',*,*,#611,.T.);
#634 = ORIENTED_EDGE('',*,*,#559,.F.);
#635 = ORIENTED_EDGE('',*,*,#589,.F.);
#636 = PLANE('',#637);
#637 = AXIS2_PLACEMENT_3D('',#638,#639,#640);
#638 = CARTESIAN_POINT('',(2.,16.,1.6));
#639 = DIRECTION('',(0.,0.,1.));
#640 = DIRECTION('',(1.,0.,-0.));
#641 = ADVANCED_FACE('',(#642),#648,.T.);
#642 = FACE_BOUND('',#643,.T.);
#643 = EDGE_LOOP('',(#644,#645,#646,#647));
#644 = ORIENTED_EDGE('',*,*,#519,.F.);
#645 = ORIENTED_EDGE('',*,*,#596,.T.);
#646 = ORIENTED_EDGE('',*,*,#575,.T.);
#647 = ORIENTED_EDGE('',*,*,#618,.F.);
#648 = PLANE('',#649);
#649 = AXIS2_PLACEMENT_3D('',#650,#651,#652);
#650 = CARTESIAN_POINT('',(2.,16.,10.8));
#651 = DIRECTION('',(0.,0.,1.));
#652 = DIRECTION('',(1.,0.,-0.));
#653 = ( GEOMETRIC_REPRESENTATION_CONTEXT(3) 
GLOBAL_UNCERTAINTY_ASSIGNED_CONTEXT((#657)) GLOBAL_UNIT_ASSIGNED_CONTEXT
((#654,#655,#656)) REPRESENTATION_CONTEXT('Context #1',
  '3D Context with UNIT and UNCERTAINTY') );
#654 = ( LENGTH_UNIT() NAMED_UNIT(*) SI_UNIT(.MILLI.,.METRE.) );
#655 = ( NAMED_UNIT(*) PLANE_ANGLE_UNIT() SI_UNIT($,.RADIAN.) );
#656 = ( NAMED_UNIT(*) SI_UNIT($,.STERADIAN.) SOLID_ANGLE_UNIT() );
#657 = UNCERTAINTY_MEASURE_WITH_UNIT(LENGTH_MEASURE(1.E-07),#654,
  'distance_accuracy_value','confusion accuracy');
#658 = CONTEXT_DEPENDENT_SHAPE_REPRESENTATION(#659,#661);
#659 = ( REPRESENTATION_RELATIONSHIP('','',#502,#10) 
REPRESENTATION_RELATIONSHIP_WITH_TRANSFORMATION(#660) 
SHAPE_REPRESENTATION_RELATIONSHIP() );
#660 = ITEM_DEFINED_TRANSFORMATION('','',#11,#27);
#661 = PRODUCT_DEFINITION_SHAPE('Placement','Placement of an item',#662
  );
#662 = NEXT_ASSEMBLY_USAGE_OCCURRENCE('4','VIN_screw_terminal','',#5,
  #497,$);
#663 = PRODUCT_RELATED_PRODUCT_CATEGORY('part',$,(#499));
#664 = SHAPE_DEFINITION_REPRESENTATION(#665,#671);
#665 = PRODUCT_DEFINITION_SHAPE('','',#666);
#666 = PRODUCT_DEFINITION('design','',#667,#670);
#667 = PRODUCT_DEFINITION_FORMATION('','',#668);
#668 = PRODUCT('USB_A_receptacle','USB_A_receptacle','',(#669));
#669 = PRODUCT_CONTEXT('',#2,'mechanical');
#670 = PRODUCT_DEFINITION_CONTEXT('part definition',#2,'design');
#671 = ADVANCED_BREP_SHAPE_REPRESENTATION('',(#11,#672),#822);
#672 = MANIFOLD_SOLID_BREP('',#673);
#673 = CLOSED_SHELL('',(#674,#714,#754,#776,#798,#810));
#674 = ADVANCED_FACE('',(#675),#709,.F.);
#675 = FACE_BOUND('',#676,.T.);
#676 = EDGE_LOOP('',(#677,#687,#695,#703));
#677 = ORIENTED_EDGE('',*,*,#678,.T.);
#678 = EDGE_CURVE('',#679,#681,#683,.T.);
#679 = VERTEX_POINT('',#680);
#680 = CARTESIAN_POINT('',(49.,1.,1.6));
#681 = VERTEX_POINT('',#682);
#682 = CARTESIAN_POINT('',(49.,1.,8.8));
#683 = LINE('',#684,#685);
#684 = CARTESIAN_POINT('',(49.,1.,1.6));
#685 = VECTOR('',#686,1.);
#686 = DIRECTION('',(0.,0.,1.));
#687 = ORIENTED_EDGE('',*,*,#688,.T.);
#688 = EDGE_CURVE('',#681,#689,#691,.T.);
#689 = VERTEX_POINT('',#690);
#690 = CARTESIAN_POINT('',(49.,13.2,8.8));
#691 = LINE('',#692,#693);
#692 = CARTESIAN_POINT('',(49.,1.,8.8));
#693 = VECTOR('',#694,1.);
#694 = DIRECTION('',(0.,1.,0.));
#695 = ORIENTED_EDGE('',*,*,#696,.F.);
#696 = EDGE_CURVE('',#697,#689,#699,.T.);
#697 = VERTEX_POINT('',#698);
#698 = CARTESIAN_POINT('',(49.,13.2,1.6));
#699 = LINE('',#700,#701);
#700 = CARTESIAN_POINT('',(49.,13.2,1.6));
#701 = VECTOR('',#702,1.);
#702 = DIRECTION('',(0.,0.,1.));
#703 = ORIENTED_EDGE('',*,*,#704,.F.);
#704 = EDGE_CURVE('',#679,#697,#705,.T.);
#705 = LINE('',#706,#707);
#706 = CARTESIAN_POINT('',(49.,1.,1.6));
#707 = VECTOR('',#708,1.);
#708 = DIRECTION('',(0.,1.,0.));
#709 = PLANE('',#710);
#710 = AXIS2_PLACEMENT_3D('',#711,#712,#713);
#711 = CARTESIAN_POINT('',(49.,1.,1.6));
#712 = DIRECTION('',(1.,0.,0.));
#713 = DIRECTION('',(0.,0.,1.));
#714 = ADVANCED_FACE('',(#715),#749,.T.);
#715 = FACE_BOUND('',#716,.T.);
#716 = EDGE_LOOP('',(#717,#727,#735,#743));
#717 = ORIENTED_EDGE('',*,*,#718,.F.);
#718 = EDGE_CURVE('',#719,#721,#723,.T.);
#719 = VERTEX_POINT('',#720);
#720 = CARTESIAN_POINT('',(63.,1.,1.6));
#721 = VERTEX_POINT('',#722);
#722 = CARTESIAN_POINT('',(63.,1.,8.8));
#723 = LINE('',#724,#725);
#724 = CARTESIAN_POINT('',(63.,1.,1.6));
#725 = VECTOR('',#726,1.);
#726 = DIRECTION('',(0.,0.,1.));
#727 = ORIENTED_EDGE('',*,*,#728,.T.);
#728 = EDGE_CURVE('',#719,#729,#731,.T.);
#729 = VERTEX_POINT('',#730);
#730 = CARTESIAN_POINT('',(63.,13.2,1.6));
#731 = LINE('',#732,#733);
#732 = CARTESIAN_POINT('',(63.,1.,1.6));
#733 = VECTOR('',#734,1.);
#734 = DIRECTION('',(0.,1.,0.));
#735 = ORIENTED_EDGE('',*,*,#736,.T.);
#736 = EDGE_CURVE('',#729,#737,#739,.T.);
#737 = VERTEX_POINT('',#738);
#738 = CARTESIAN_POINT('',(63.,13.2,8.8));
#739 = LINE('',#740,#741);
#740 = CARTESIAN_POINT('',(63.,13.2,1.6));
#741 = VECTOR('',#742,1.);
#742 = DIRECTION('',(0.,0.,1.));
#743 = ORIENTED_EDGE('',*,*,#744,.F.);
#744 = EDGE_CURVE('',#721,#737,#745,.T.);
#745 = LINE('',#746,#747);
#746 = CARTESIAN_POINT('',(63.,1.,8.8));
#747 = VECTOR('',#748,1.);
#748 = DIRECTION('',(0.,1.,0.));
#749 = PLANE('',#750);
#750 = AXIS2_PLACEMENT_3D('',#751,#752,#753);
#751 = CARTESIAN_POINT('',(63.,1.,1.6));
#752 = DIRECTION('',(1.,0.,0.));
#753 = DIRECTION('',(0.,0.,1.));
#754 = ADVANCED_FACE('',(#755),#771,.F.);
#755 = FACE_BOUND('',#756,.T.);
#756 = EDGE_LOOP('',(#757,#763,#764,#770));
#757 = ORIENTED_EDGE('',*,*,#758,.T.);
#758 = EDGE_CURVE('',#679,#719,#759,.T.);
#759 = LINE('',#760,#761);
#760 = CARTESIAN_POINT('',(49.,1.,1.6));
#761 = VECTOR('',#762,1.);
#762 = DIRECTION('',(1.,0.,0.));
#763 = ORIENTED_EDGE('',*,*,#718,.T.);
#764 = ORIENTED_EDGE('',*,*,#765,.F.);
#765 = EDGE_CURVE('',#681,#721,#766,.T.);
#766 = LINE('',#767,#768);
#767 = CARTESIAN_POINT('',(49.,1.,8.8));
#768 = VECTOR('',#769,1.);
#769 = DIRECTION('',(1.,0.,0.));
#770 = ORIENTED_EDGE('',*,*,#678,.F.);
#771 = PLANE('',#772);
#772 = AXIS2_PLACEMENT_3D('',#773,#774,#775);
#773 = CARTESIAN_POINT('',(49.,1.,1.6));
#774 = DIRECTION('',(0.,1.,0.));
#775 = DIRECTION('',(0.,-0.,1.));
#776 = ADVANCED_FACE('',(#777),#793,.T.);
#777 = FACE_BOUND('',#778,.T.);
#778 = EDGE_LOOP('',(#779,#785,#786,#792));
#779 = ORIENTED_EDGE('',*,*,#780,.F.);
#780 = EDGE_CURVE('',#697,#729,#781,.T.);
#781 = LINE('',#782,#783);
#782 = CARTESIAN_POINT('',(49.,13.2,1.6));
#783 = VECTOR('',#784,1.);
#784 = DIRECTION('',(1.,0.,0.));
#785 = ORIENTED_EDGE('',*,*,#696,.T.);
#786 = ORIENTED_EDGE('',*,*,#787,.T.);
#787 = EDGE_CURVE('',#689,#737,#788,.T.);
#788 = LINE('',#789,#790);
#789 = CARTESIAN_POINT('',(49.,13.2,8.8));
#790 = VECTOR('',#791,1.);
#791 = DIRECTION('',(1.,0.,0.));
#792 = ORIENTED_EDGE('',*,*,#736,.F.);
#793 = PLANE('',#794);
#794 = AXIS2_PLACEMENT_3D('',#795,#796,#797);
#795 = CARTESIAN_POINT('',(49.,13.2,1.6));
#796 = DIRECTION('',(0.,1.,0.));
#797 = DIRECTION('',(0.,-0.,1.));
#798 = ADVANCED_FACE('',(#799),#805,.F.);
#799 = FACE_BOUND('',#800,.T.);
#800 = EDGE_LOOP('',(#801,#802,#803,#804));
#801 = ORIENTED_EDGE('',*,*,#704,.T.);
#802 = ORIENTED_EDGE('',*,*,#780,.T.);
#803 = ORIENTED_EDGE('',*,*,#728,.F.);
#804 = ORIENTED_EDGE('',*,*,#758,.F.);
#805 = PLANE('',#806);
#806 = AXIS2_PLACEMENT_3D('',#807,#808,#809);
#807 = CARTESIAN_POINT('',(49.,1.,1.6));
#808 = DIRECTION('',(0.,0.,1.));
#809 = DIRECTION('',(1.,0.,-0.));
#810 = ADVANCED_FACE('',(#811),#817,.T.);
#811 = FACE_BOUND('',#812,.T.);
#812 = EDGE_LOOP('',(#813,#814,#815,#816));
#813 = ORIENTED_EDGE('',*,*,#688,.F.);
#814 = ORIENTED_EDGE('',*,*,#765,.T.);
#815 = ORIENTED_EDGE('',*,*,#744,.T.);
#816 = ORIENTED_EDGE('',*,*,#787,.F.);
#817 = PLANE('',#818);
#818 = AXIS2_PLACEMENT_3D('',#819,#820,#821);
#819 = CARTESIAN_POINT('',(49.,1.,8.8));
#820 = DIRECTION('',(0.,0.,1.));
#821 = DIRECTION('',(1.,0.,-0.));
#822 = ( GEOMETRIC_REPRESENTATION_CONTEXT(3) 
GLOBAL_UNCERTAINTY_ASSIGNED_CONTEXT((#826)) GLOBAL_UNIT_ASSIGNED_CONTEXT
((#823,#824,#825)) REPRESENTATION_CONTEXT('Context #1',
  '3D Context with UNIT and UNCERTAINTY') );
#823 = ( LENGTH_UNIT() NAMED_UNIT(*) SI_UNIT(.MILLI.,.METRE.) );
#824 = ( NAMED_UNIT(*) PLANE_ANGLE_UNIT() SI_UNIT($,.RADIAN.) );
#825 = ( NAMED_UNIT(*) SI_UNIT($,.STERADIAN.) SOLID_ANGLE_UNIT() );
#826 = UNCERTAINTY_MEASURE_WITH_UNIT(LENGTH_MEASURE(1.E-07),#823,
  'distance_accuracy_value','confusion accuracy');
#827 = CONTEXT_DEPENDENT_SHAPE_REPRESENTATION(#828,#830);
#828 = ( REPRESENTATION_RELATIONSHIP('','',#671,#10) 
REPRESENTATION_RELATIONSHIP_WITH_TRANSFORMATION(#829) 
SHAPE_REPRESENTATION_RELATIONSHIP() );
#829 = ITEM_DEFINED_TRANSFORMATION('','',#11,#31);
#830 = PRODUCT_DEFINITION_SHAPE('Placement','Placement of an item',#831
  );
#831 = NEXT_ASSEMBLY_USAGE_OCCURRENCE('5','USB_A_receptacle','',#5,#666,
  $);
#832 = PRODUCT_RELATED_PRODUCT_CATEGORY('part',$,(#668));
#833 = SHAPE_DEFINITION_REPRESENTATION(#834,#840);
#834 = PRODUCT_DEFINITION_SHAPE('','',#835);
#835 = PRODUCT_DEFINITION('design','',#836,#839);
#836 = PRODUCT_DEFINITION_FORMATION('','',#837);
#837 = PRODUCT('VOUT_screw_terminal','VOUT_screw_terminal','',(#838));
#838 = PRODUCT_CONTEXT('',#2,'mechanical');
#839 = PRODUCT_DEFINITION_CONTEXT('part definition',#2,'design');
#840 = ADVANCED_BREP_SHAPE_REPRESENTATION('',(#11,#841),#991);
#841 = MANIFOLD_SOLID_BREP('',#842);
#842 = CLOSED_SHELL('',(#843,#883,#923,#945,#967,#979));
#843 = ADVANCED_FACE('',(#844),#878,.F.);
#844 = FACE_BOUND('',#845,.T.);
#845 = EDGE_LOOP('',(#846,#856,#864,#872));
#846 = ORIENTED_EDGE('',*,*,#847,.T.);
#847 = EDGE_CURVE('',#848,#850,#852,.T.);
#848 = VERTEX_POINT('',#849);
#849 = CARTESIAN_POINT('',(53.,16.,1.6));
#850 = VERTEX_POINT('',#851);
#851 = CARTESIAN_POINT('',(53.,16.,10.8));
#852 = LINE('',#853,#854);
#853 = CARTESIAN_POINT('',(53.,16.,1.6));
#854 = VECTOR('',#855,1.);
#855 = DIRECTION('',(0.,0.,1.));
#856 = ORIENTED_EDGE('',*,*,#857,.T.);
#857 = EDGE_CURVE('',#850,#858,#860,.T.);
#858 = VERTEX_POINT('',#859);
#859 = CARTESIAN_POINT('',(53.,26.,10.8));
#860 = LINE('',#861,#862);
#861 = CARTESIAN_POINT('',(53.,16.,10.8));
#862 = VECTOR('',#863,1.);
#863 = DIRECTION('',(0.,1.,0.));
#864 = ORIENTED_EDGE('',*,*,#865,.F.);
#865 = EDGE_CURVE('',#866,#858,#868,.T.);
#866 = VERTEX_POINT('',#867);
#867 = CARTESIAN_POINT('',(53.,26.,1.6));
#868 = LINE('',#869,#870);
#869 = CARTESIAN_POINT('',(53.,26.,1.6));
#870 = VECTOR('',#871,1.);
#871 = DIRECTION('',(0.,0.,1.));
#872 = ORIENTED_EDGE('',*,*,#873,.F.);
#873 = EDGE_CURVE('',#848,#866,#874,.T.);
#874 = LINE('',#875,#876);
#875 = CARTESIAN_POINT('',(53.,16.,1.6));
#876 = VECTOR('',#877,1.);
#877 = DIRECTION('',(0.,1.,0.));
#878 = PLANE('',#879);
#879 = AXIS2_PLACEMENT_3D('',#880,#881,#882);
#880 = CARTESIAN_POINT('',(53.,16.,1.6));
#881 = DIRECTION('',(1.,0.,0.));
#882 = DIRECTION('',(0.,0.,1.));
#883 = ADVANCED_FACE('',(#884),#918,.T.);
#884 = FACE_BOUND('',#885,.T.);
#885 = EDGE_LOOP('',(#886,#896,#904,#912));
#886 = ORIENTED_EDGE('',*,*,#887,.F.);
#887 = EDGE_CURVE('',#888,#890,#892,.T.);
#888 = VERTEX_POINT('',#889);
#889 = CARTESIAN_POINT('',(61.,16.,1.6));
#890 = VERTEX_POINT('',#891);
#891 = CARTESIAN_POINT('',(61.,16.,10.8));
#892 = LINE('',#893,#894);
#893 = CARTESIAN_POINT('',(61.,16.,1.6));
#894 = VECTOR('',#895,1.);
#895 = DIRECTION('',(0.,0.,1.));
#896 = ORIENTED_EDGE('',*,*,#897,.T.);
#897 = EDGE_CURVE('',#888,#898,#900,.T.);
#898 = VERTEX_POINT('',#899);
#899 = CARTESIAN_POINT('',(61.,26.,1.6));
#900 = LINE('',#901,#902);
#901 = CARTESIAN_POINT('',(61.,16.,1.6));
#902 = VECTOR('',#903,1.);
#903 = DIRECTION('',(0.,1.,0.));
#904 = ORIENTED_EDGE('',*,*,#905,.T.);
#905 = EDGE_CURVE('',#898,#906,#908,.T.);
#906 = VERTEX_POINT('',#907);
#907 = CARTESIAN_POINT('',(61.,26.,10.8));
#908 = LINE('',#909,#910);
#909 = CARTESIAN_POINT('',(61.,26.,1.6));
#910 = VECTOR('',#911,1.);
#911 = DIRECTION('',(0.,0.,1.));
#912 = ORIENTED_EDGE('',*,*,#913,.F.);
#913 = EDGE_CURVE('',#890,#906,#914,.T.);
#914 = LINE('',#915,#916);
#915 = CARTESIAN_POINT('',(61.,16.,10.8));
#916 = VECTOR('',#917,1.);
#917 = DIRECTION('',(0.,1.,0.));
#918 = PLANE('',#919);
#919 = AXIS2_PLACEMENT_3D('',#920,#921,#922);
#920 = CARTESIAN_POINT('',(61.,16.,1.6));
#921 = DIRECTION('',(1.,0.,0.));
#922 = DIRECTION('',(0.,0.,1.));
#923 = ADVANCED_FACE('',(#924),#940,.F.);
#924 = FACE_BOUND('',#925,.T.);
#925 = EDGE_LOOP('',(#926,#932,#933,#939));
#926 = ORIENTED_EDGE('',*,*,#927,.T.);
#927 = EDGE_CURVE('',#848,#888,#928,.T.);
#928 = LINE('',#929,#930);
#929 = CARTESIAN_POINT('',(53.,16.,1.6));
#930 = VECTOR('',#931,1.);
#931 = DIRECTION('',(1.,0.,0.));
#932 = ORIENTED_EDGE('',*,*,#887,.T.);
#933 = ORIENTED_EDGE('',*,*,#934,.F.);
#934 = EDGE_CURVE('',#850,#890,#935,.T.);
#935 = LINE('',#936,#937);
#936 = CARTESIAN_POINT('',(53.,16.,10.8));
#937 = VECTOR('',#938,1.);
#938 = DIRECTION('',(1.,0.,0.));
#939 = ORIENTED_EDGE('',*,*,#847,.F.);
#940 = PLANE('',#941);
#941 = AXIS2_PLACEMENT_3D('',#942,#943,#944);
#942 = CARTESIAN_POINT('',(53.,16.,1.6));
#943 = DIRECTION('',(0.,1.,0.));
#944 = DIRECTION('',(0.,-0.,1.));
#945 = ADVANCED_FACE('',(#946),#962,.T.);
#946 = FACE_BOUND('',#947,.T.);
#947 = EDGE_LOOP('',(#948,#954,#955,#961));
#948 = ORIENTED_EDGE('',*,*,#949,.F.);
#949 = EDGE_CURVE('',#866,#898,#950,.T.);
#950 = LINE('',#951,#952);
#951 = CARTESIAN_POINT('',(53.,26.,1.6));
#952 = VECTOR('',#953,1.);
#953 = DIRECTION('',(1.,0.,0.));
#954 = ORIENTED_EDGE('',*,*,#865,.T.);
#955 = ORIENTED_EDGE('',*,*,#956,.T.);
#956 = EDGE_CURVE('',#858,#906,#957,.T.);
#957 = LINE('',#958,#959);
#958 = CARTESIAN_POINT('',(53.,26.,10.8));
#959 = VECTOR('',#960,1.);
#960 = DIRECTION('',(1.,0.,0.));
#961 = ORIENTED_EDGE('',*,*,#905,.F.);
#962 = PLANE('',#963);
#963 = AXIS2_PLACEMENT_3D('',#964,#965,#966);
#964 = CARTESIAN_POINT('',(53.,26.,1.6));
#965 = DIRECTION('',(0.,1.,0.));
#966 = DIRECTION('',(0.,-0.,1.));
#967 = ADVANCED_FACE('',(#968),#974,.F.);
#968 = FACE_BOUND('',#969,.T.);
#969 = EDGE_LOOP('',(#970,#971,#972,#973));
#970 = ORIENTED_EDGE('',*,*,#873,.T.);
#971 = ORIENTED_EDGE('',*,*,#949,.T.);
#972 = ORIENTED_EDGE('',*,*,#897,.F.);
#973 = ORIENTED_EDGE('',*,*,#927,.F.);
#974 = PLANE('',#975);
#975 = AXIS2_PLACEMENT_3D('',#976,#977,#978);
#976 = CARTESIAN_POINT('',(53.,16.,1.6));
#977 = DIRECTION('',(0.,0.,1.));
#978 = DIRECTION('',(1.,0.,-0.));
#979 = ADVANCED_FACE('',(#980),#986,.T.);
#980 = FACE_BOUND('',#981,.T.);
#981 = EDGE_LOOP('',(#982,#983,#984,#985));
#982 = ORIENTED_EDGE('',*,*,#857,.F.);
#983 = ORIENTED_EDGE('',*,*,#934,.T.);
#984 = ORIENTED_EDGE('',*,*,#913,.T.);
#985 = ORIENTED_EDGE('',*,*,#956,.F.);
#986 = PLANE('',#987);
#987 = AXIS2_PLACEMENT_3D('',#988,#989,#990);
#988 = CARTESIAN_POINT('',(53.,16.,10.8));
#989 = DIRECTION('',(0.,0.,1.));
#990 = DIRECTION('',(1.,0.,-0.));
#991 = ( GEOMETRIC_REPRESENTATION_CONTEXT(3) 
GLOBAL_UNCERTAINTY_ASSIGNED_CONTEXT((#995)) GLOBAL_UNIT_ASSIGNED_CONTEXT
((#992,#993,#994)) REPRESENTATION_CONTEXT('Context #1',
  '3D Context with UNIT and UNCERTAINTY') );
#992 = ( LENGTH_UNIT() NAMED_UNIT(*) SI_UNIT(.MILLI.,.METRE.) );
#993 = ( NAMED_UNIT(*) PLANE_ANGLE_UNIT() SI_UNIT($,.RADIAN.) );
#994 = ( NAMED_UNIT(*) SI_UNIT($,.STERADIAN.) SOLID_ANGLE_UNIT() );
#995 = UNCERTAINTY_MEASURE_WITH_UNIT(LENGTH_MEASURE(1.E-07),#992,
  'distance_accuracy_value','confusion accuracy');
#996 = CONTEXT_DEPENDENT_SHAPE_REPRESENTATION(#997,#999);
#997 = ( REPRESENTATION_RELATIONSHIP('','',#840,#10) 
REPRESENTATION_RELATIONSHIP_WITH_TRANSFORMATION(#998) 
SHAPE_REPRESENTATION_RELATIONSHIP() );
#998 = ITEM_DEFINED_TRANSFORMATION('','',#11,#35);
#999 = PRODUCT_DEFINITION_SHAPE('Placement','Placement of an item',#1000
  );
#1000 = NEXT_ASSEMBLY_USAGE_OCCURRENCE('6','VOUT_screw_terminal','',#5,
  #835,$);
#1001 = PRODUCT_RELATED_PRODUCT_CATEGORY('part',$,(#837));
#1002 = SHAPE_DEFINITION_REPRESENTATION(#1003,#1009);
#1003 = PRODUCT_DEFINITION_SHAPE('','',#1004);
#1004 = PRODUCT_DEFINITION('design','',#1005,#1008);
#1005 = PRODUCT_DEFINITION_FORMATION('','',#1006);
#1006 = PRODUCT('Power_inductor_330','Power_inductor_330','',(#1007));
#1007 = PRODUCT_CONTEXT('',#2,'mechanical');
#1008 = PRODUCT_DEFINITION_CONTEXT('part definition',#2,'design');
#1009 = ADVANCED_BREP_SHAPE_REPRESENTATION('',(#11,#1010),#1160);
#1010 = MANIFOLD_SOLID_BREP('',#1011);
#1011 = CLOSED_SHELL('',(#1012,#1052,#1092,#1114,#1136,#1148));
#1012 = ADVANCED_FACE('',(#1013),#1047,.F.);
#1013 = FACE_BOUND('',#1014,.T.);
#1014 = EDGE_LOOP('',(#1015,#1025,#1033,#1041));
#1015 = ORIENTED_EDGE('',*,*,#1016,.T.);
#1016 = EDGE_CURVE('',#1017,#1019,#1021,.T.);
#1017 = VERTEX_POINT('',#1018);
#1018 = CARTESIAN_POINT('',(36.5,1.6,1.6));
#1019 = VERTEX_POINT('',#1020);
#1020 = CARTESIAN_POINT('',(36.5,1.6,6.8));
#1021 = LINE('',#1022,#1023);
#1022 = CARTESIAN_POINT('',(36.5,1.6,1.6));
#1023 = VECTOR('',#1024,1.);
#1024 = DIRECTION('',(0.,0.,1.));
#1025 = ORIENTED_EDGE('',*,*,#1026,.T.);
#1026 = EDGE_CURVE('',#1019,#1027,#1029,.T.);
#1027 = VERTEX_POINT('',#1028);
#1028 = CARTESIAN_POINT('',(36.5,13.4,6.8));
#1029 = LINE('',#1030,#1031);
#1030 = CARTESIAN_POINT('',(36.5,1.6,6.8));
#1031 = VECTOR('',#1032,1.);
#1032 = DIRECTION('',(0.,1.,0.));
#1033 = ORIENTED_EDGE('',*,*,#1034,.F.);
#1034 = EDGE_CURVE('',#1035,#1027,#1037,.T.);
#1035 = VERTEX_POINT('',#1036);
#1036 = CARTESIAN_POINT('',(36.5,13.4,1.6));
#1037 = LINE('',#1038,#1039);
#1038 = CARTESIAN_POINT('',(36.5,13.4,1.6));
#1039 = VECTOR('',#1040,1.);
#1040 = DIRECTION('',(0.,0.,1.));
#1041 = ORIENTED_EDGE('',*,*,#1042,.F.);
#1042 = EDGE_CURVE('',#1017,#1035,#1043,.T.);
#1043 = LINE('',#1044,#1045);
#1044 = CARTESIAN_POINT('',(36.5,1.6,1.6));
#1045 = VECTOR('',#1046,1.);
#1046 = DIRECTION('',(0.,1.,0.));
#1047 = PLANE('',#1048);
#1048 = AXIS2_PLACEMENT_3D('',#1049,#1050,#1051);
#1049 = CARTESIAN_POINT('',(36.5,1.6,1.6));
#1050 = DIRECTION('',(1.,0.,0.));
#1051 = DIRECTION('',(0.,0.,1.));
#1052 = ADVANCED_FACE('',(#1053),#1087,.T.);
#1053 = FACE_BOUND('',#1054,.T.);
#1054 = EDGE_LOOP('',(#1055,#1065,#1073,#1081));
#1055 = ORIENTED_EDGE('',*,*,#1056,.F.);
#1056 = EDGE_CURVE('',#1057,#1059,#1061,.T.);
#1057 = VERTEX_POINT('',#1058);
#1058 = CARTESIAN_POINT('',(48.3,1.6,1.6));
#1059 = VERTEX_POINT('',#1060);
#1060 = CARTESIAN_POINT('',(48.3,1.6,6.8));
#1061 = LINE('',#1062,#1063);
#1062 = CARTESIAN_POINT('',(48.3,1.6,1.6));
#1063 = VECTOR('',#1064,1.);
#1064 = DIRECTION('',(0.,0.,1.));
#1065 = ORIENTED_EDGE('',*,*,#1066,.T.);
#1066 = EDGE_CURVE('',#1057,#1067,#1069,.T.);
#1067 = VERTEX_POINT('',#1068);
#1068 = CARTESIAN_POINT('',(48.3,13.4,1.6));
#1069 = LINE('',#1070,#1071);
#1070 = CARTESIAN_POINT('',(48.3,1.6,1.6));
#1071 = VECTOR('',#1072,1.);
#1072 = DIRECTION('',(0.,1.,0.));
#1073 = ORIENTED_EDGE('',*,*,#1074,.T.);
#1074 = EDGE_CURVE('',#1067,#1075,#1077,.T.);
#1075 = VERTEX_POINT('',#1076);
#1076 = CARTESIAN_POINT('',(48.3,13.4,6.8));
#1077 = LINE('',#1078,#1079);
#1078 = CARTESIAN_POINT('',(48.3,13.4,1.6));
#1079 = VECTOR('',#1080,1.);
#1080 = DIRECTION('',(0.,0.,1.));
#1081 = ORIENTED_EDGE('',*,*,#1082,.F.);
#1082 = EDGE_CURVE('',#1059,#1075,#1083,.T.);
#1083 = LINE('',#1084,#1085);
#1084 = CARTESIAN_POINT('',(48.3,1.6,6.8));
#1085 = VECTOR('',#1086,1.);
#1086 = DIRECTION('',(0.,1.,0.));
#1087 = PLANE('',#1088);
#1088 = AXIS2_PLACEMENT_3D('',#1089,#1090,#1091);
#1089 = CARTESIAN_POINT('',(48.3,1.6,1.6));
#1090 = DIRECTION('',(1.,0.,0.));
#1091 = DIRECTION('',(0.,0.,1.));
#1092 = ADVANCED_FACE('',(#1093),#1109,.F.);
#1093 = FACE_BOUND('',#1094,.T.);
#1094 = EDGE_LOOP('',(#1095,#1101,#1102,#1108));
#1095 = ORIENTED_EDGE('',*,*,#1096,.T.);
#1096 = EDGE_CURVE('',#1017,#1057,#1097,.T.);
#1097 = LINE('',#1098,#1099);
#1098 = CARTESIAN_POINT('',(36.5,1.6,1.6));
#1099 = VECTOR('',#1100,1.);
#1100 = DIRECTION('',(1.,0.,0.));
#1101 = ORIENTED_EDGE('',*,*,#1056,.T.);
#1102 = ORIENTED_EDGE('',*,*,#1103,.F.);
#1103 = EDGE_CURVE('',#1019,#1059,#1104,.T.);
#1104 = LINE('',#1105,#1106);
#1105 = CARTESIAN_POINT('',(36.5,1.6,6.8));
#1106 = VECTOR('',#1107,1.);
#1107 = DIRECTION('',(1.,0.,0.));
#1108 = ORIENTED_EDGE('',*,*,#1016,.F.);
#1109 = PLANE('',#1110);
#1110 = AXIS2_PLACEMENT_3D('',#1111,#1112,#1113);
#1111 = CARTESIAN_POINT('',(36.5,1.6,1.6));
#1112 = DIRECTION('',(0.,1.,0.));
#1113 = DIRECTION('',(0.,-0.,1.));
#1114 = ADVANCED_FACE('',(#1115),#1131,.T.);
#1115 = FACE_BOUND('',#1116,.T.);
#1116 = EDGE_LOOP('',(#1117,#1123,#1124,#1130));
#1117 = ORIENTED_EDGE('',*,*,#1118,.F.);
#1118 = EDGE_CURVE('',#1035,#1067,#1119,.T.);
#1119 = LINE('',#1120,#1121);
#1120 = CARTESIAN_POINT('',(36.5,13.4,1.6));
#1121 = VECTOR('',#1122,1.);
#1122 = DIRECTION('',(1.,0.,0.));
#1123 = ORIENTED_EDGE('',*,*,#1034,.T.);
#1124 = ORIENTED_EDGE('',*,*,#1125,.T.);
#1125 = EDGE_CURVE('',#1027,#1075,#1126,.T.);
#1126 = LINE('',#1127,#1128);
#1127 = CARTESIAN_POINT('',(36.5,13.4,6.8));
#1128 = VECTOR('',#1129,1.);
#1129 = DIRECTION('',(1.,0.,0.));
#1130 = ORIENTED_EDGE('',*,*,#1074,.F.);
#1131 = PLANE('',#1132);
#1132 = AXIS2_PLACEMENT_3D('',#1133,#1134,#1135);
#1133 = CARTESIAN_POINT('',(36.5,13.4,1.6));
#1134 = DIRECTION('',(0.,1.,0.));
#1135 = DIRECTION('',(0.,-0.,1.));
#1136 = ADVANCED_FACE('',(#1137),#1143,.F.);
#1137 = FACE_BOUND('',#1138,.T.);
#1138 = EDGE_LOOP('',(#1139,#1140,#1141,#1142));
#1139 = ORIENTED_EDGE('',*,*,#1042,.T.);
#1140 = ORIENTED_EDGE('',*,*,#1118,.T.);
#1141 = ORIENTED_EDGE('',*,*,#1066,.F.);
#1142 = ORIENTED_EDGE('',*,*,#1096,.F.);
#1143 = PLANE('',#1144);
#1144 = AXIS2_PLACEMENT_3D('',#1145,#1146,#1147);
#1145 = CARTESIAN_POINT('',(36.5,1.6,1.6));
#1146 = DIRECTION('',(0.,0.,1.));
#1147 = DIRECTION('',(1.,0.,-0.));
#1148 = ADVANCED_FACE('',(#1149),#1155,.T.);
#1149 = FACE_BOUND('',#1150,.T.);
#1150 = EDGE_LOOP('',(#1151,#1152,#1153,#1154));
#1151 = ORIENTED_EDGE('',*,*,#1026,.F.);
#1152 = ORIENTED_EDGE('',*,*,#1103,.T.);
#1153 = ORIENTED_EDGE('',*,*,#1082,.T.);
#1154 = ORIENTED_EDGE('',*,*,#1125,.F.);
#1155 = PLANE('',#1156);
#1156 = AXIS2_PLACEMENT_3D('',#1157,#1158,#1159);
#1157 = CARTESIAN_POINT('',(36.5,1.6,6.8));
#1158 = DIRECTION('',(0.,0.,1.));
#1159 = DIRECTION('',(1.,0.,-0.));
#1160 = ( GEOMETRIC_REPRESENTATION_CONTEXT(3) 
GLOBAL_UNCERTAINTY_ASSIGNED_CONTEXT((#1164)) 
GLOBAL_UNIT_ASSIGNED_CONTEXT((#1161,#1162,#1163)) REPRESENTATION_CONTEXT
('Context #1','3D Context with UNIT and UNCERTAINTY') );
#1161 = ( LENGTH_UNIT() NAMED_UNIT(*) SI_UNIT(.MILLI.,.METRE.) );
#1162 = ( NAMED_UNIT(*) PLANE_ANGLE_UNIT() SI_UNIT($,.RADIAN.) );
#1163 = ( NAMED_UNIT(*) SI_UNIT($,.STERADIAN.) SOLID_ANGLE_UNIT() );
#1164 = UNCERTAINTY_MEASURE_WITH_UNIT(LENGTH_MEASURE(1.E-07),#1161,
  'distance_accuracy_value','confusion accuracy');
#1165 = CONTEXT_DEPENDENT_SHAPE_REPRESENTATION(#1166,#1168);
#1166 = ( REPRESENTATION_RELATIONSHIP('','',#1009,#10) 
REPRESENTATION_RELATIONSHIP_WITH_TRANSFORMATION(#1167) 
SHAPE_REPRESENTATION_RELATIONSHIP() );
#1167 = ITEM_DEFINED_TRANSFORMATION('','',#11,#39);
#1168 = PRODUCT_DEFINITION_SHAPE('Placement','Placement of an item',
  #1169);
#1169 = NEXT_ASSEMBLY_USAGE_OCCURRENCE('7','Power_inductor_330','',#5,
  #1004,$);
#1170 = PRODUCT_RELATED_PRODUCT_CATEGORY('part',$,(#1006));
#1171 = SHAPE_DEFINITION_REPRESENTATION(#1172,#1178);
#1172 = PRODUCT_DEFINITION_SHAPE('','',#1173);
#1173 = PRODUCT_DEFINITION('design','',#1174,#1177);
#1174 = PRODUCT_DEFINITION_FORMATION('','',#1175);
#1175 = PRODUCT('Input_capacitor','Input_capacitor','',(#1176));
#1176 = PRODUCT_CONTEXT('',#2,'mechanical');
#1177 = PRODUCT_DEFINITION_CONTEXT('part definition',#2,'design');
#1178 = ADVANCED_BREP_SHAPE_REPRESENTATION('',(#11,#1179),#1232);
#1179 = MANIFOLD_SOLID_BREP('',#1180);
#1180 = CLOSED_SHELL('',(#1181,#1214,#1223));
#1181 = ADVANCED_FACE('',(#1182),#1209,.T.);
#1182 = FACE_BOUND('',#1183,.T.);
#1183 = EDGE_LOOP('',(#1184,#1193,#1201,#1208));
#1184 = ORIENTED_EDGE('',*,*,#1185,.F.);
#1185 = EDGE_CURVE('',#1186,#1186,#1188,.T.);
#1186 = VERTEX_POINT('',#1187);
#1187 = CARTESIAN_POINT('',(12.1,19.4,10.1));
#1188 = CIRCLE('',#1189,4.1);
#1189 = AXIS2_PLACEMENT_3D('',#1190,#1191,#1192);
#1190 = CARTESIAN_POINT('',(16.2,19.4,10.1));
#1191 = DIRECTION('',(0.,0.,1.));
#1192 = DIRECTION('',(1.,0.,-0.));
#1193 = ORIENTED_EDGE('',*,*,#1194,.T.);
#1194 = EDGE_CURVE('',#1186,#1195,#1197,.T.);
#1195 = VERTEX_POINT('',#1196);
#1196 = CARTESIAN_POINT('',(12.1,19.4,1.6));
#1197 = LINE('',#1198,#1199);
#1198 = CARTESIAN_POINT('',(12.1,19.4,1.6));
#1199 = VECTOR('',#1200,1.);
#1200 = DIRECTION('',(0.,0.,-1.));
#1201 = ORIENTED_EDGE('',*,*,#1202,.T.);
#1202 = EDGE_CURVE('',#1195,#1195,#1203,.T.);
#1203 = CIRCLE('',#1204,4.1);
#1204 = AXIS2_PLACEMENT_3D('',#1205,#1206,#1207);
#1205 = CARTESIAN_POINT('',(16.2,19.4,1.6));
#1206 = DIRECTION('',(0.,0.,1.));
#1207 = DIRECTION('',(1.,0.,-0.));
#1208 = ORIENTED_EDGE('',*,*,#1194,.F.);
#1209 = CYLINDRICAL_SURFACE('',#1210,4.1);
#1210 = AXIS2_PLACEMENT_3D('',#1211,#1212,#1213);
#1211 = CARTESIAN_POINT('',(16.2,19.4,1.6));
#1212 = DIRECTION('',(0.,0.,1.));
#1213 = DIRECTION('',(1.,0.,-0.));
#1214 = ADVANCED_FACE('',(#1215),#1218,.T.);
#1215 = FACE_BOUND('',#1216,.T.);
#1216 = EDGE_LOOP('',(#1217));
#1217 = ORIENTED_EDGE('',*,*,#1185,.T.);
#1218 = PLANE('',#1219);
#1219 = AXIS2_PLACEMENT_3D('',#1220,#1221,#1222);
#1220 = CARTESIAN_POINT('',(16.2,19.4,10.1));
#1221 = DIRECTION('',(0.,0.,1.));
#1222 = DIRECTION('',(1.,0.,-0.));
#1223 = ADVANCED_FACE('',(#1224),#1227,.F.);
#1224 = FACE_BOUND('',#1225,.T.);
#1225 = EDGE_LOOP('',(#1226));
#1226 = ORIENTED_EDGE('',*,*,#1202,.F.);
#1227 = PLANE('',#1228);
#1228 = AXIS2_PLACEMENT_3D('',#1229,#1230,#1231);
#1229 = CARTESIAN_POINT('',(16.2,19.4,1.6));
#1230 = DIRECTION('',(0.,0.,1.));
#1231 = DIRECTION('',(1.,0.,-0.));
#1232 = ( GEOMETRIC_REPRESENTATION_CONTEXT(3) 
GLOBAL_UNCERTAINTY_ASSIGNED_CONTEXT((#1236)) 
GLOBAL_UNIT_ASSIGNED_CONTEXT((#1233,#1234,#1235)) REPRESENTATION_CONTEXT
('Context #1','3D Context with UNIT and UNCERTAINTY') );
#1233 = ( LENGTH_UNIT() NAMED_UNIT(*) SI_UNIT(.MILLI.,.METRE.) );
#1234 = ( NAMED_UNIT(*) PLANE_ANGLE_UNIT() SI_UNIT($,.RADIAN.) );
#1235 = ( NAMED_UNIT(*) SI_UNIT($,.STERADIAN.) SOLID_ANGLE_UNIT() );
#1236 = UNCERTAINTY_MEASURE_WITH_UNIT(LENGTH_MEASURE(1.E-07),#1233,
  'distance_accuracy_value','confusion accuracy');
#1237 = CONTEXT_DEPENDENT_SHAPE_REPRESENTATION(#1238,#1240);
#1238 = ( REPRESENTATION_RELATIONSHIP('','',#1178,#10) 
REPRESENTATION_RELATIONSHIP_WITH_TRANSFORMATION(#1239) 
SHAPE_REPRESENTATION_RELATIONSHIP() );
#1239 = ITEM_DEFINED_TRANSFORMATION('','',#11,#43);
#1240 = PRODUCT_DEFINITION_SHAPE('Placement','Placement of an item',
  #1241);
#1241 = NEXT_ASSEMBLY_USAGE_OCCURRENCE('8','Input_capacitor','',#5,#1173
  ,$);
#1242 = PRODUCT_RELATED_PRODUCT_CATEGORY('part',$,(#1175));
#1243 = SHAPE_DEFINITION_REPRESENTATION(#1244,#1250);
#1244 = PRODUCT_DEFINITION_SHAPE('','',#1245);
#1245 = PRODUCT_DEFINITION('design','',#1246,#1249);
#1246 = PRODUCT_DEFINITION_FORMATION('','',#1247);
#1247 = PRODUCT('Output_capacitor','Output_capacitor','',(#1248));
#1248 = PRODUCT_CONTEXT('',#2,'mechanical');
#1249 = PRODUCT_DEFINITION_CONTEXT('part definition',#2,'design');
#1250 = ADVANCED_BREP_SHAPE_REPRESENTATION('',(#11,#1251),#1304);
#1251 = MANIFOLD_SOLID_BREP('',#1252);
#1252 = CLOSED_SHELL('',(#1253,#1286,#1295));
#1253 = ADVANCED_FACE('',(#1254),#1281,.T.);
#1254 = FACE_BOUND('',#1255,.T.);
#1255 = EDGE_LOOP('',(#1256,#1265,#1273,#1280));
#1256 = ORIENTED_EDGE('',*,*,#1257,.F.);
#1257 = EDGE_CURVE('',#1258,#1258,#1260,.T.);
#1258 = VERTEX_POINT('',#1259);
#1259 = CARTESIAN_POINT('',(41.6,19.4,10.1));
#1260 = CIRCLE('',#1261,4.1);
#1261 = AXIS2_PLACEMENT_3D('',#1262,#1263,#1264);
#1262 = CARTESIAN_POINT('',(45.7,19.4,10.1));
#1263 = DIRECTION('',(0.,0.,1.));
#1264 = DIRECTION('',(1.,0.,-0.));
#1265 = ORIENTED_EDGE('',*,*,#1266,.T.);
#1266 = EDGE_CURVE('',#1258,#1267,#1269,.T.);
#1267 = VERTEX_POINT('',#1268);
#1268 = CARTESIAN_POINT('',(41.6,19.4,1.6));
#1269 = LINE('',#1270,#1271);
#1270 = CARTESIAN_POINT('',(41.6,19.4,1.6));
#1271 = VECTOR('',#1272,1.);
#1272 = DIRECTION('',(0.,0.,-1.));
#1273 = ORIENTED_EDGE('',*,*,#1274,.T.);
#1274 = EDGE_CURVE('',#1267,#1267,#1275,.T.);
#1275 = CIRCLE('',#1276,4.1);
#1276 = AXIS2_PLACEMENT_3D('',#1277,#1278,#1279);
#1277 = CARTESIAN_POINT('',(45.7,19.4,1.6));
#1278 = DIRECTION('',(0.,0.,1.));
#1279 = DIRECTION('',(1.,0.,-0.));
#1280 = ORIENTED_EDGE('',*,*,#1266,.F.);
#1281 = CYLINDRICAL_SURFACE('',#1282,4.1);
#1282 = AXIS2_PLACEMENT_3D('',#1283,#1284,#1285);
#1283 = CARTESIAN_POINT('',(45.7,19.4,1.6));
#1284 = DIRECTION('',(0.,0.,1.));
#1285 = DIRECTION('',(1.,0.,-0.));
#1286 = ADVANCED_FACE('',(#1287),#1290,.T.);
#1287 = FACE_BOUND('',#1288,.T.);
#1288 = EDGE_LOOP('',(#1289));
#1289 = ORIENTED_EDGE('',*,*,#1257,.T.);
#1290 = PLANE('',#1291);
#1291 = AXIS2_PLACEMENT_3D('',#1292,#1293,#1294);
#1292 = CARTESIAN_POINT('',(45.7,19.4,10.1));
#1293 = DIRECTION('',(0.,0.,1.));
#1294 = DIRECTION('',(1.,0.,-0.));
#1295 = ADVANCED_FACE('',(#1296),#1299,.F.);
#1296 = FACE_BOUND('',#1297,.T.);
#1297 = EDGE_LOOP('',(#1298));
#1298 = ORIENTED_EDGE('',*,*,#1274,.F.);
#1299 = PLANE('',#1300);
#1300 = AXIS2_PLACEMENT_3D('',#1301,#1302,#1303);
#1301 = CARTESIAN_POINT('',(45.7,19.4,1.6));
#1302 = DIRECTION('',(0.,0.,1.));
#1303 = DIRECTION('',(1.,0.,-0.));
#1304 = ( GEOMETRIC_REPRESENTATION_CONTEXT(3) 
GLOBAL_UNCERTAINTY_ASSIGNED_CONTEXT((#1308)) 
GLOBAL_UNIT_ASSIGNED_CONTEXT((#1305,#1306,#1307)) REPRESENTATION_CONTEXT
('Context #1','3D Context with UNIT and UNCERTAINTY') );
#1305 = ( LENGTH_UNIT() NAMED_UNIT(*) SI_UNIT(.MILLI.,.METRE.) );
#1306 = ( NAMED_UNIT(*) PLANE_ANGLE_UNIT() SI_UNIT($,.RADIAN.) );
#1307 = ( NAMED_UNIT(*) SI_UNIT($,.STERADIAN.) SOLID_ANGLE_UNIT() );
#1308 = UNCERTAINTY_MEASURE_WITH_UNIT(LENGTH_MEASURE(1.E-07),#1305,
  'distance_accuracy_value','confusion accuracy');
#1309 = CONTEXT_DEPENDENT_SHAPE_REPRESENTATION(#1310,#1312);
#1310 = ( REPRESENTATION_RELATIONSHIP('','',#1250,#10) 
REPRESENTATION_RELATIONSHIP_WITH_TRANSFORMATION(#1311) 
SHAPE_REPRESENTATION_RELATIONSHIP() );
#1311 = ITEM_DEFINED_TRANSFORMATION('','',#11,#47);
#1312 = PRODUCT_DEFINITION_SHAPE('Placement','Placement of an item',
  #1313);
#1313 = NEXT_ASSEMBLY_USAGE_OCCURRENCE('9','Output_capacitor','',#5,
  #1245,$);
#1314 = PRODUCT_RELATED_PRODUCT_CATEGORY('part',$,(#1247));
#1315 = SHAPE_DEFINITION_REPRESENTATION(#1316,#1322);
#1316 = PRODUCT_DEFINITION_SHAPE('','',#1317);
#1317 = PRODUCT_DEFINITION('design','',#1318,#1321);
#1318 = PRODUCT_DEFINITION_FORMATION('','',#1319);
#1319 = PRODUCT('Buck_controller_IC','Buck_controller_IC','',(#1320));
#1320 = PRODUCT_CONTEXT('',#2,'mechanical');
#1321 = PRODUCT_DEFINITION_CONTEXT('part definition',#2,'design');
#1322 = ADVANCED_BREP_SHAPE_REPRESENTATION('',(#11,#1323),#1473);
#1323 = MANIFOLD_SOLID_BREP('',#1324);
#1324 = CLOSED_SHELL('',(#1325,#1365,#1405,#1427,#1449,#1461));
#1325 = ADVANCED_FACE('',(#1326),#1360,.F.);
#1326 = FACE_BOUND('',#1327,.T.);
#1327 = EDGE_LOOP('',(#1328,#1338,#1346,#1354));
#1328 = ORIENTED_EDGE('',*,*,#1329,.T.);
#1329 = EDGE_CURVE('',#1330,#1332,#1334,.T.);
#1330 = VERTEX_POINT('',#1331);
#1331 = CARTESIAN_POINT('',(24.5,12.,1.6));
#1332 = VERTEX_POINT('',#1333);
#1333 = CARTESIAN_POINT('',(24.5,12.,3.6));
#1334 = LINE('',#1335,#1336);
#1335 = CARTESIAN_POINT('',(24.5,12.,1.6));
#1336 = VECTOR('',#1337,1.);
#1337 = DIRECTION('',(0.,0.,1.));
#1338 = ORIENTED_EDGE('',*,*,#1339,.T.);
#1339 = EDGE_CURVE('',#1332,#1340,#1342,.T.);
#1340 = VERTEX_POINT('',#1341);
#1341 = CARTESIAN_POINT('',(24.5,18.5,3.6));
#1342 = LINE('',#1343,#1344);
#1343 = CARTESIAN_POINT('',(24.5,12.,3.6));
#1344 = VECTOR('',#1345,1.);
#1345 = DIRECTION('',(0.,1.,0.));
#1346 = ORIENTED_EDGE('',*,*,#1347,.F.);
#1347 = EDGE_CURVE('',#1348,#1340,#1350,.T.);
#1348 = VERTEX_POINT('',#1349);
#1349 = CARTESIAN_POINT('',(24.5,18.5,1.6));
#1350 = LINE('',#1351,#1352);
#1351 = CARTESIAN_POINT('',(24.5,18.5,1.6));
#1352 = VECTOR('',#1353,1.);
#1353 = DIRECTION('',(0.,0.,1.));
#1354 = ORIENTED_EDGE('',*,*,#1355,.F.);
#1355 = EDGE_CURVE('',#1330,#1348,#1356,.T.);
#1356 = LINE('',#1357,#1358);
#1357 = CARTESIAN_POINT('',(24.5,12.,1.6));
#1358 = VECTOR('',#1359,1.);
#1359 = DIRECTION('',(0.,1.,0.));
#1360 = PLANE('',#1361);
#1361 = AXIS2_PLACEMENT_3D('',#1362,#1363,#1364);
#1362 = CARTESIAN_POINT('',(24.5,12.,1.6));
#1363 = DIRECTION('',(1.,0.,0.));
#1364 = DIRECTION('',(0.,0.,1.));
#1365 = ADVANCED_FACE('',(#1366),#1400,.T.);
#1366 = FACE_BOUND('',#1367,.T.);
#1367 = EDGE_LOOP('',(#1368,#1378,#1386,#1394));
#1368 = ORIENTED_EDGE('',*,*,#1369,.F.);
#1369 = EDGE_CURVE('',#1370,#1372,#1374,.T.);
#1370 = VERTEX_POINT('',#1371);
#1371 = CARTESIAN_POINT('',(31.,12.,1.6));
#1372 = VERTEX_POINT('',#1373);
#1373 = CARTESIAN_POINT('',(31.,12.,3.6));
#1374 = LINE('',#1375,#1376);
#1375 = CARTESIAN_POINT('',(31.,12.,1.6));
#1376 = VECTOR('',#1377,1.);
#1377 = DIRECTION('',(0.,0.,1.));
#1378 = ORIENTED_EDGE('',*,*,#1379,.T.);
#1379 = EDGE_CURVE('',#1370,#1380,#1382,.T.);
#1380 = VERTEX_POINT('',#1381);
#1381 = CARTESIAN_POINT('',(31.,18.5,1.6));
#1382 = LINE('',#1383,#1384);
#1383 = CARTESIAN_POINT('',(31.,12.,1.6));
#1384 = VECTOR('',#1385,1.);
#1385 = DIRECTION('',(0.,1.,0.));
#1386 = ORIENTED_EDGE('',*,*,#1387,.T.);
#1387 = EDGE_CURVE('',#1380,#1388,#1390,.T.);
#1388 = VERTEX_POINT('',#1389);
#1389 = CARTESIAN_POINT('',(31.,18.5,3.6));
#1390 = LINE('',#1391,#1392);
#1391 = CARTESIAN_POINT('',(31.,18.5,1.6));
#1392 = VECTOR('',#1393,1.);
#1393 = DIRECTION('',(0.,0.,1.));
#1394 = ORIENTED_EDGE('',*,*,#1395,.F.);
#1395 = EDGE_CURVE('',#1372,#1388,#1396,.T.);
#1396 = LINE('',#1397,#1398);
#1397 = CARTESIAN_POINT('',(31.,12.,3.6));
#1398 = VECTOR('',#1399,1.);
#1399 = DIRECTION('',(0.,1.,0.));
#1400 = PLANE('',#1401);
#1401 = AXIS2_PLACEMENT_3D('',#1402,#1403,#1404);
#1402 = CARTESIAN_POINT('',(31.,12.,1.6));
#1403 = DIRECTION('',(1.,0.,0.));
#1404 = DIRECTION('',(0.,0.,1.));
#1405 = ADVANCED_FACE('',(#1406),#1422,.F.);
#1406 = FACE_BOUND('',#1407,.T.);
#1407 = EDGE_LOOP('',(#1408,#1414,#1415,#1421));
#1408 = ORIENTED_EDGE('',*,*,#1409,.T.);
#1409 = EDGE_CURVE('',#1330,#1370,#1410,.T.);
#1410 = LINE('',#1411,#1412);
#1411 = CARTESIAN_POINT('',(24.5,12.,1.6));
#1412 = VECTOR('',#1413,1.);
#1413 = DIRECTION('',(1.,0.,0.));
#1414 = ORIENTED_EDGE('',*,*,#1369,.T.);
#1415 = ORIENTED_EDGE('',*,*,#1416,.F.);
#1416 = EDGE_CURVE('',#1332,#1372,#1417,.T.);
#1417 = LINE('',#1418,#1419);
#1418 = CARTESIAN_POINT('',(24.5,12.,3.6));
#1419 = VECTOR('',#1420,1.);
#1420 = DIRECTION('',(1.,0.,0.));
#1421 = ORIENTED_EDGE('',*,*,#1329,.F.);
#1422 = PLANE('',#1423);
#1423 = AXIS2_PLACEMENT_3D('',#1424,#1425,#1426);
#1424 = CARTESIAN_POINT('',(24.5,12.,1.6));
#1425 = DIRECTION('',(0.,1.,0.));
#1426 = DIRECTION('',(0.,-0.,1.));
#1427 = ADVANCED_FACE('',(#1428),#1444,.T.);
#1428 = FACE_BOUND('',#1429,.T.);
#1429 = EDGE_LOOP('',(#1430,#1436,#1437,#1443));
#1430 = ORIENTED_EDGE('',*,*,#1431,.F.);
#1431 = EDGE_CURVE('',#1348,#1380,#1432,.T.);
#1432 = LINE('',#1433,#1434);
#1433 = CARTESIAN_POINT('',(24.5,18.5,1.6));
#1434 = VECTOR('',#1435,1.);
#1435 = DIRECTION('',(1.,0.,0.));
#1436 = ORIENTED_EDGE('',*,*,#1347,.T.);
#1437 = ORIENTED_EDGE('',*,*,#1438,.T.);
#1438 = EDGE_CURVE('',#1340,#1388,#1439,.T.);
#1439 = LINE('',#1440,#1441);
#1440 = CARTESIAN_POINT('',(24.5,18.5,3.6));
#1441 = VECTOR('',#1442,1.);
#1442 = DIRECTION('',(1.,0.,0.));
#1443 = ORIENTED_EDGE('',*,*,#1387,.F.);
#1444 = PLANE('',#1445);
#1445 = AXIS2_PLACEMENT_3D('',#1446,#1447,#1448);
#1446 = CARTESIAN_POINT('',(24.5,18.5,1.6));
#1447 = DIRECTION('',(0.,1.,0.));
#1448 = DIRECTION('',(0.,-0.,1.));
#1449 = ADVANCED_FACE('',(#1450),#1456,.F.);
#1450 = FACE_BOUND('',#1451,.T.);
#1451 = EDGE_LOOP('',(#1452,#1453,#1454,#1455));
#1452 = ORIENTED_EDGE('',*,*,#1355,.T.);
#1453 = ORIENTED_EDGE('',*,*,#1431,.T.);
#1454 = ORIENTED_EDGE('',*,*,#1379,.F.);
#1455 = ORIENTED_EDGE('',*,*,#1409,.F.);
#1456 = PLANE('',#1457);
#1457 = AXIS2_PLACEMENT_3D('',#1458,#1459,#1460);
#1458 = CARTESIAN_POINT('',(24.5,12.,1.6));
#1459 = DIRECTION('',(0.,0.,1.));
#1460 = DIRECTION('',(1.,0.,-0.));
#1461 = ADVANCED_FACE('',(#1462),#1468,.T.);
#1462 = FACE_BOUND('',#1463,.T.);
#1463 = EDGE_LOOP('',(#1464,#1465,#1466,#1467));
#1464 = ORIENTED_EDGE('',*,*,#1339,.F.);
#1465 = ORIENTED_EDGE('',*,*,#1416,.T.);
#1466 = ORIENTED_EDGE('',*,*,#1395,.T.);
#1467 = ORIENTED_EDGE('',*,*,#1438,.F.);
#1468 = PLANE('',#1469);
#1469 = AXIS2_PLACEMENT_3D('',#1470,#1471,#1472);
#1470 = CARTESIAN_POINT('',(24.5,12.,3.6));
#1471 = DIRECTION('',(0.,0.,1.));
#1472 = DIRECTION('',(1.,0.,-0.));
#1473 = ( GEOMETRIC_REPRESENTATION_CONTEXT(3) 
GLOBAL_UNCERTAINTY_ASSIGNED_CONTEXT((#1477)) 
GLOBAL_UNIT_ASSIGNED_CONTEXT((#1474,#1475,#1476)) REPRESENTATION_CONTEXT
('Context #1','3D Context with UNIT and UNCERTAINTY') );
#1474 = ( LENGTH_UNIT() NAMED_UNIT(*) SI_UNIT(.MILLI.,.METRE.) );
#1475 = ( NAMED_UNIT(*) PLANE_ANGLE_UNIT() SI_UNIT($,.RADIAN.) );
#1476 = ( NAMED_UNIT(*) SI_UNIT($,.STERADIAN.) SOLID_ANGLE_UNIT() );
#1477 = UNCERTAINTY_MEASURE_WITH_UNIT(LENGTH_MEASURE(1.E-07),#1474,
  'distance_accuracy_value','confusion accuracy');
#1478 = CONTEXT_DEPENDENT_SHAPE_REPRESENTATION(#1479,#1481);
#1479 = ( REPRESENTATION_RELATIONSHIP('','',#1322,#10) 
REPRESENTATION_RELATIONSHIP_WITH_TRANSFORMATION(#1480) 
SHAPE_REPRESENTATION_RELATIONSHIP() );
#1480 = ITEM_DEFINED_TRANSFORMATION('','',#11,#51);
#1481 = PRODUCT_DEFINITION_SHAPE('Placement','Placement of an item',
  #1482);
#1482 = NEXT_ASSEMBLY_USAGE_OCCURRENCE('10','Buck_controller_IC','',#5,
  #1317,$);
#1483 = PRODUCT_RELATED_PRODUCT_CATEGORY('part',$,(#1319));
#1484 = SHAPE_DEFINITION_REPRESENTATION(#1485,#1491);
#1485 = PRODUCT_DEFINITION_SHAPE('','',#1486);
#1486 = PRODUCT_DEFINITION('design','',#1487,#1490);
#1487 = PRODUCT_DEFINITION_FORMATION('','',#1488);
#1488 = PRODUCT('Power_MOSFET_1','Power_MOSFET_1','',(#1489));
#1489 = PRODUCT_CONTEXT('',#2,'mechanical');
#1490 = PRODUCT_DEFINITION_CONTEXT('part definition',#2,'design');
#1491 = ADVANCED_BREP_SHAPE_REPRESENTATION('',(#11,#1492),#1642);
#1492 = MANIFOLD_SOLID_BREP('',#1493);
#1493 = CLOSED_SHELL('',(#1494,#1534,#1574,#1596,#1618,#1630));
#1494 = ADVANCED_FACE('',(#1495),#1529,.F.);
#1495 = FACE_BOUND('',#1496,.T.);
#1496 = EDGE_LOOP('',(#1497,#1507,#1515,#1523));
#1497 = ORIENTED_EDGE('',*,*,#1498,.T.);
#1498 = EDGE_CURVE('',#1499,#1501,#1503,.T.);
#1499 = VERTEX_POINT('',#1500);
#1500 = CARTESIAN_POINT('',(28.8,3.,1.6));
#1501 = VERTEX_POINT('',#1502);
#1502 = CARTESIAN_POINT('',(28.8,3.,3.8));
#1503 = LINE('',#1504,#1505);
#1504 = CARTESIAN_POINT('',(28.8,3.,1.6));
#1505 = VECTOR('',#1506,1.);
#1506 = DIRECTION('',(0.,0.,1.));
#1507 = ORIENTED_EDGE('',*,*,#1508,.T.);
#1508 = EDGE_CURVE('',#1501,#1509,#1511,.T.);
#1509 = VERTEX_POINT('',#1510);
#1510 = CARTESIAN_POINT('',(28.8,10.,3.8));
#1511 = LINE('',#1512,#1513);
#1512 = CARTESIAN_POINT('',(28.8,3.,3.8));
#1513 = VECTOR('',#1514,1.);
#1514 = DIRECTION('',(0.,1.,0.));
#1515 = ORIENTED_EDGE('',*,*,#1516,.F.);
#1516 = EDGE_CURVE('',#1517,#1509,#1519,.T.);
#1517 = VERTEX_POINT('',#1518);
#1518 = CARTESIAN_POINT('',(28.8,10.,1.6));
#1519 = LINE('',#1520,#1521);
#1520 = CARTESIAN_POINT('',(28.8,10.,1.6));
#1521 = VECTOR('',#1522,1.);
#1522 = DIRECTION('',(0.,0.,1.));
#1523 = ORIENTED_EDGE('',*,*,#1524,.F.);
#1524 = EDGE_CURVE('',#1499,#1517,#1525,.T.);
#1525 = LINE('',#1526,#1527);
#1526 = CARTESIAN_POINT('',(28.8,3.,1.6));
#1527 = VECTOR('',#1528,1.);
#1528 = DIRECTION('',(0.,1.,0.));
#1529 = PLANE('',#1530);
#1530 = AXIS2_PLACEMENT_3D('',#1531,#1532,#1533);
#1531 = CARTESIAN_POINT('',(28.8,3.,1.6));
#1532 = DIRECTION('',(1.,0.,0.));
#1533 = DIRECTION('',(0.,0.,1.));
#1534 = ADVANCED_FACE('',(#1535),#1569,.T.);
#1535 = FACE_BOUND('',#1536,.T.);
#1536 = EDGE_LOOP('',(#1537,#1547,#1555,#1563));
#1537 = ORIENTED_EDGE('',*,*,#1538,.F.);
#1538 = EDGE_CURVE('',#1539,#1541,#1543,.T.);
#1539 = VERTEX_POINT('',#1540);
#1540 = CARTESIAN_POINT('',(35.1,3.,1.6));
#1541 = VERTEX_POINT('',#1542);
#1542 = CARTESIAN_POINT('',(35.1,3.,3.8));
#1543 = LINE('',#1544,#1545);
#1544 = CARTESIAN_POINT('',(35.1,3.,1.6));
#1545 = VECTOR('',#1546,1.);
#1546 = DIRECTION('',(0.,0.,1.));
#1547 = ORIENTED_EDGE('',*,*,#1548,.T.);
#1548 = EDGE_CURVE('',#1539,#1549,#1551,.T.);
#1549 = VERTEX_POINT('',#1550);
#1550 = CARTESIAN_POINT('',(35.1,10.,1.6));
#1551 = LINE('',#1552,#1553);
#1552 = CARTESIAN_POINT('',(35.1,3.,1.6));
#1553 = VECTOR('',#1554,1.);
#1554 = DIRECTION('',(0.,1.,0.));
#1555 = ORIENTED_EDGE('',*,*,#1556,.T.);
#1556 = EDGE_CURVE('',#1549,#1557,#1559,.T.);
#1557 = VERTEX_POINT('',#1558);
#1558 = CARTESIAN_POINT('',(35.1,10.,3.8));
#1559 = LINE('',#1560,#1561);
#1560 = CARTESIAN_POINT('',(35.1,10.,1.6));
#1561 = VECTOR('',#1562,1.);
#1562 = DIRECTION('',(0.,0.,1.));
#1563 = ORIENTED_EDGE('',*,*,#1564,.F.);
#1564 = EDGE_CURVE('',#1541,#1557,#1565,.T.);
#1565 = LINE('',#1566,#1567);
#1566 = CARTESIAN_POINT('',(35.1,3.,3.8));
#1567 = VECTOR('',#1568,1.);
#1568 = DIRECTION('',(0.,1.,0.));
#1569 = PLANE('',#1570);
#1570 = AXIS2_PLACEMENT_3D('',#1571,#1572,#1573);
#1571 = CARTESIAN_POINT('',(35.1,3.,1.6));
#1572 = DIRECTION('',(1.,0.,0.));
#1573 = DIRECTION('',(0.,0.,1.));
#1574 = ADVANCED_FACE('',(#1575),#1591,.F.);
#1575 = FACE_BOUND('',#1576,.T.);
#1576 = EDGE_LOOP('',(#1577,#1583,#1584,#1590));
#1577 = ORIENTED_EDGE('',*,*,#1578,.T.);
#1578 = EDGE_CURVE('',#1499,#1539,#1579,.T.);
#1579 = LINE('',#1580,#1581);
#1580 = CARTESIAN_POINT('',(28.8,3.,1.6));
#1581 = VECTOR('',#1582,1.);
#1582 = DIRECTION('',(1.,0.,0.));
#1583 = ORIENTED_EDGE('',*,*,#1538,.T.);
#1584 = ORIENTED_EDGE('',*,*,#1585,.F.);
#1585 = EDGE_CURVE('',#1501,#1541,#1586,.T.);
#1586 = LINE('',#1587,#1588);
#1587 = CARTESIAN_POINT('',(28.8,3.,3.8));
#1588 = VECTOR('',#1589,1.);
#1589 = DIRECTION('',(1.,0.,0.));
#1590 = ORIENTED_EDGE('',*,*,#1498,.F.);
#1591 = PLANE('',#1592);
#1592 = AXIS2_PLACEMENT_3D('',#1593,#1594,#1595);
#1593 = CARTESIAN_POINT('',(28.8,3.,1.6));
#1594 = DIRECTION('',(0.,1.,0.));
#1595 = DIRECTION('',(0.,-0.,1.));
#1596 = ADVANCED_FACE('',(#1597),#1613,.T.);
#1597 = FACE_BOUND('',#1598,.T.);
#1598 = EDGE_LOOP('',(#1599,#1605,#1606,#1612));
#1599 = ORIENTED_EDGE('',*,*,#1600,.F.);
#1600 = EDGE_CURVE('',#1517,#1549,#1601,.T.);
#1601 = LINE('',#1602,#1603);
#1602 = CARTESIAN_POINT('',(28.8,10.,1.6));
#1603 = VECTOR('',#1604,1.);
#1604 = DIRECTION('',(1.,0.,0.));
#1605 = ORIENTED_EDGE('',*,*,#1516,.T.);
#1606 = ORIENTED_EDGE('',*,*,#1607,.T.);
#1607 = EDGE_CURVE('',#1509,#1557,#1608,.T.);
#1608 = LINE('',#1609,#1610);
#1609 = CARTESIAN_POINT('',(28.8,10.,3.8));
#1610 = VECTOR('',#1611,1.);
#1611 = DIRECTION('',(1.,0.,0.));
#1612 = ORIENTED_EDGE('',*,*,#1556,.F.);
#1613 = PLANE('',#1614);
#1614 = AXIS2_PLACEMENT_3D('',#1615,#1616,#1617);
#1615 = CARTESIAN_POINT('',(28.8,10.,1.6));
#1616 = DIRECTION('',(0.,1.,0.));
#1617 = DIRECTION('',(0.,-0.,1.));
#1618 = ADVANCED_FACE('',(#1619),#1625,.F.);
#1619 = FACE_BOUND('',#1620,.T.);
#1620 = EDGE_LOOP('',(#1621,#1622,#1623,#1624));
#1621 = ORIENTED_EDGE('',*,*,#1524,.T.);
#1622 = ORIENTED_EDGE('',*,*,#1600,.T.);
#1623 = ORIENTED_EDGE('',*,*,#1548,.F.);
#1624 = ORIENTED_EDGE('',*,*,#1578,.F.);
#1625 = PLANE('',#1626);
#1626 = AXIS2_PLACEMENT_3D('',#1627,#1628,#1629);
#1627 = CARTESIAN_POINT('',(28.8,3.,1.6));
#1628 = DIRECTION('',(0.,0.,1.));
#1629 = DIRECTION('',(1.,0.,-0.));
#1630 = ADVANCED_FACE('',(#1631),#1637,.T.);
#1631 = FACE_BOUND('',#1632,.T.);
#1632 = EDGE_LOOP('',(#1633,#1634,#1635,#1636));
#1633 = ORIENTED_EDGE('',*,*,#1508,.F.);
#1634 = ORIENTED_EDGE('',*,*,#1585,.T.);
#1635 = ORIENTED_EDGE('',*,*,#1564,.T.);
#1636 = ORIENTED_EDGE('',*,*,#1607,.F.);
#1637 = PLANE('',#1638);
#1638 = AXIS2_PLACEMENT_3D('',#1639,#1640,#1641);
#1639 = CARTESIAN_POINT('',(28.8,3.,3.8));
#1640 = DIRECTION('',(0.,0.,1.));
#1641 = DIRECTION('',(1.,0.,-0.));
#1642 = ( GEOMETRIC_REPRESENTATION_CONTEXT(3) 
GLOBAL_UNCERTAINTY_ASSIGNED_CONTEXT((#1646)) 
GLOBAL_UNIT_ASSIGNED_CONTEXT((#1643,#1644,#1645)) REPRESENTATION_CONTEXT
('Context #1','3D Context with UNIT and UNCERTAINTY') );
#1643 = ( LENGTH_UNIT() NAMED_UNIT(*) SI_UNIT(.MILLI.,.METRE.) );
#1644 = ( NAMED_UNIT(*) PLANE_ANGLE_UNIT() SI_UNIT($,.RADIAN.) );
#1645 = ( NAMED_UNIT(*) SI_UNIT($,.STERADIAN.) SOLID_ANGLE_UNIT() );
#1646 = UNCERTAINTY_MEASURE_WITH_UNIT(LENGTH_MEASURE(1.E-07),#1643,
  'distance_accuracy_value','confusion accuracy');
#1647 = CONTEXT_DEPENDENT_SHAPE_REPRESENTATION(#1648,#1650);
#1648 = ( REPRESENTATION_RELATIONSHIP('','',#1491,#10) 
REPRESENTATION_RELATIONSHIP_WITH_TRANSFORMATION(#1649) 
SHAPE_REPRESENTATION_RELATIONSHIP() );
#1649 = ITEM_DEFINED_TRANSFORMATION('','',#11,#55);
#1650 = PRODUCT_DEFINITION_SHAPE('Placement','Placement of an item',
  #1651);
#1651 = NEXT_ASSEMBLY_USAGE_OCCURRENCE('11','Power_MOSFET_1','',#5,#1486
  ,$);
#1652 = PRODUCT_RELATED_PRODUCT_CATEGORY('part',$,(#1488));
#1653 = SHAPE_DEFINITION_REPRESENTATION(#1654,#1660);
#1654 = PRODUCT_DEFINITION_SHAPE('','',#1655);
#1655 = PRODUCT_DEFINITION('design','',#1656,#1659);
#1656 = PRODUCT_DEFINITION_FORMATION('','',#1657);
#1657 = PRODUCT('Power_MOSFET_2','Power_MOSFET_2','',(#1658));
#1658 = PRODUCT_CONTEXT('',#2,'mechanical');
#1659 = PRODUCT_DEFINITION_CONTEXT('part definition',#2,'design');
#1660 = ADVANCED_BREP_SHAPE_REPRESENTATION('',(#11,#1661),#1811);
#1661 = MANIFOLD_SOLID_BREP('',#1662);
#1662 = CLOSED_SHELL('',(#1663,#1703,#1743,#1765,#1787,#1799));
#1663 = ADVANCED_FACE('',(#1664),#1698,.F.);
#1664 = FACE_BOUND('',#1665,.T.);
#1665 = EDGE_LOOP('',(#1666,#1676,#1684,#1692));
#1666 = ORIENTED_EDGE('',*,*,#1667,.T.);
#1667 = EDGE_CURVE('',#1668,#1670,#1672,.T.);
#1668 = VERTEX_POINT('',#1669);
#1669 = CARTESIAN_POINT('',(34.8,13.5,1.6));
#1670 = VERTEX_POINT('',#1671);
#1671 = CARTESIAN_POINT('',(34.8,13.5,3.8));
#1672 = LINE('',#1673,#1674);
#1673 = CARTESIAN_POINT('',(34.8,13.5,1.6));
#1674 = VECTOR('',#1675,1.);
#1675 = DIRECTION('',(0.,0.,1.));
#1676 = ORIENTED_EDGE('',*,*,#1677,.T.);
#1677 = EDGE_CURVE('',#1670,#1678,#1680,.T.);
#1678 = VERTEX_POINT('',#1679);
#1679 = CARTESIAN_POINT('',(34.8,20.5,3.8));
#1680 = LINE('',#1681,#1682);
#1681 = CARTESIAN_POINT('',(34.8,13.5,3.8));
#1682 = VECTOR('',#1683,1.);
#1683 = DIRECTION('',(0.,1.,0.));
#1684 = ORIENTED_EDGE('',*,*,#1685,.F.);
#1685 = EDGE_CURVE('',#1686,#1678,#1688,.T.);
#1686 = VERTEX_POINT('',#1687);
#1687 = CARTESIAN_POINT('',(34.8,20.5,1.6));
#1688 = LINE('',#1689,#1690);
#1689 = CARTESIAN_POINT('',(34.8,20.5,1.6));
#1690 = VECTOR('',#1691,1.);
#1691 = DIRECTION('',(0.,0.,1.));
#1692 = ORIENTED_EDGE('',*,*,#1693,.F.);
#1693 = EDGE_CURVE('',#1668,#1686,#1694,.T.);
#1694 = LINE('',#1695,#1696);
#1695 = CARTESIAN_POINT('',(34.8,13.5,1.6));
#1696 = VECTOR('',#1697,1.);
#1697 = DIRECTION('',(0.,1.,0.));
#1698 = PLANE('',#1699);
#1699 = AXIS2_PLACEMENT_3D('',#1700,#1701,#1702);
#1700 = CARTESIAN_POINT('',(34.8,13.5,1.6));
#1701 = DIRECTION('',(1.,0.,0.));
#1702 = DIRECTION('',(0.,0.,1.));
#1703 = ADVANCED_FACE('',(#1704),#1738,.T.);
#1704 = FACE_BOUND('',#1705,.T.);
#1705 = EDGE_LOOP('',(#1706,#1716,#1724,#1732));
#1706 = ORIENTED_EDGE('',*,*,#1707,.F.);
#1707 = EDGE_CURVE('',#1708,#1710,#1712,.T.);
#1708 = VERTEX_POINT('',#1709);
#1709 = CARTESIAN_POINT('',(41.1,13.5,1.6));
#1710 = VERTEX_POINT('',#1711);
#1711 = CARTESIAN_POINT('',(41.1,13.5,3.8));
#1712 = LINE('',#1713,#1714);
#1713 = CARTESIAN_POINT('',(41.1,13.5,1.6));
#1714 = VECTOR('',#1715,1.);
#1715 = DIRECTION('',(0.,0.,1.));
#1716 = ORIENTED_EDGE('',*,*,#1717,.T.);
#1717 = EDGE_CURVE('',#1708,#1718,#1720,.T.);
#1718 = VERTEX_POINT('',#1719);
#1719 = CARTESIAN_POINT('',(41.1,20.5,1.6));
#1720 = LINE('',#1721,#1722);
#1721 = CARTESIAN_POINT('',(41.1,13.5,1.6));
#1722 = VECTOR('',#1723,1.);
#1723 = DIRECTION('',(0.,1.,0.));
#1724 = ORIENTED_EDGE('',*,*,#1725,.T.);
#1725 = EDGE_CURVE('',#1718,#1726,#1728,.T.);
#1726 = VERTEX_POINT('',#1727);
#1727 = CARTESIAN_POINT('',(41.1,20.5,3.8));
#1728 = LINE('',#1729,#1730);
#1729 = CARTESIAN_POINT('',(41.1,20.5,1.6));
#1730 = VECTOR('',#1731,1.);
#1731 = DIRECTION('',(0.,0.,1.));
#1732 = ORIENTED_EDGE('',*,*,#1733,.F.);
#1733 = EDGE_CURVE('',#1710,#1726,#1734,.T.);
#1734 = LINE('',#1735,#1736);
#1735 = CARTESIAN_POINT('',(41.1,13.5,3.8));
#1736 = VECTOR('',#1737,1.);
#1737 = DIRECTION('',(0.,1.,0.));
#1738 = PLANE('',#1739);
#1739 = AXIS2_PLACEMENT_3D('',#1740,#1741,#1742);
#1740 = CARTESIAN_POINT('',(41.1,13.5,1.6));
#1741 = DIRECTION('',(1.,0.,0.));
#1742 = DIRECTION('',(0.,0.,1.));
#1743 = ADVANCED_FACE('',(#1744),#1760,.F.);
#1744 = FACE_BOUND('',#1745,.T.);
#1745 = EDGE_LOOP('',(#1746,#1752,#1753,#1759));
#1746 = ORIENTED_EDGE('',*,*,#1747,.T.);
#1747 = EDGE_CURVE('',#1668,#1708,#1748,.T.);
#1748 = LINE('',#1749,#1750);
#1749 = CARTESIAN_POINT('',(34.8,13.5,1.6));
#1750 = VECTOR('',#1751,1.);
#1751 = DIRECTION('',(1.,0.,0.));
#1752 = ORIENTED_EDGE('',*,*,#1707,.T.);
#1753 = ORIENTED_EDGE('',*,*,#1754,.F.);
#1754 = EDGE_CURVE('',#1670,#1710,#1755,.T.);
#1755 = LINE('',#1756,#1757);
#1756 = CARTESIAN_POINT('',(34.8,13.5,3.8));
#1757 = VECTOR('',#1758,1.);
#1758 = DIRECTION('',(1.,0.,0.));
#1759 = ORIENTED_EDGE('',*,*,#1667,.F.);
#1760 = PLANE('',#1761);
#1761 = AXIS2_PLACEMENT_3D('',#1762,#1763,#1764);
#1762 = CARTESIAN_POINT('',(34.8,13.5,1.6));
#1763 = DIRECTION('',(0.,1.,0.));
#1764 = DIRECTION('',(0.,-0.,1.));
#1765 = ADVANCED_FACE('',(#1766),#1782,.T.);
#1766 = FACE_BOUND('',#1767,.T.);
#1767 = EDGE_LOOP('',(#1768,#1774,#1775,#1781));
#1768 = ORIENTED_EDGE('',*,*,#1769,.F.);
#1769 = EDGE_CURVE('',#1686,#1718,#1770,.T.);
#1770 = LINE('',#1771,#1772);
#1771 = CARTESIAN_POINT('',(34.8,20.5,1.6));
#1772 = VECTOR('',#1773,1.);
#1773 = DIRECTION('',(1.,0.,0.));
#1774 = ORIENTED_EDGE('',*,*,#1685,.T.);
#1775 = ORIENTED_EDGE('',*,*,#1776,.T.);
#1776 = EDGE_CURVE('',#1678,#1726,#1777,.T.);
#1777 = LINE('',#1778,#1779);
#1778 = CARTESIAN_POINT('',(34.8,20.5,3.8));
#1779 = VECTOR('',#1780,1.);
#1780 = DIRECTION('',(1.,0.,0.));
#1781 = ORIENTED_EDGE('',*,*,#1725,.F.);
#1782 = PLANE('',#1783);
#1783 = AXIS2_PLACEMENT_3D('',#1784,#1785,#1786);
#1784 = CARTESIAN_POINT('',(34.8,20.5,1.6));
#1785 = DIRECTION('',(0.,1.,0.));
#1786 = DIRECTION('',(0.,-0.,1.));
#1787 = ADVANCED_FACE('',(#1788),#1794,.F.);
#1788 = FACE_BOUND('',#1789,.T.);
#1789 = EDGE_LOOP('',(#1790,#1791,#1792,#1793));
#1790 = ORIENTED_EDGE('',*,*,#1693,.T.);
#1791 = ORIENTED_EDGE('',*,*,#1769,.T.);
#1792 = ORIENTED_EDGE('',*,*,#1717,.F.);
#1793 = ORIENTED_EDGE('',*,*,#1747,.F.);
#1794 = PLANE('',#1795);
#1795 = AXIS2_PLACEMENT_3D('',#1796,#1797,#1798);
#1796 = CARTESIAN_POINT('',(34.8,13.5,1.6));
#1797 = DIRECTION('',(0.,0.,1.));
#1798 = DIRECTION('',(1.,0.,-0.));
#1799 = ADVANCED_FACE('',(#1800),#1806,.T.);
#1800 = FACE_BOUND('',#1801,.T.);
#1801 = EDGE_LOOP('',(#1802,#1803,#1804,#1805));
#1802 = ORIENTED_EDGE('',*,*,#1677,.F.);
#1803 = ORIENTED_EDGE('',*,*,#1754,.T.);
#1804 = ORIENTED_EDGE('',*,*,#1733,.T.);
#1805 = ORIENTED_EDGE('',*,*,#1776,.F.);
#1806 = PLANE('',#1807);
#1807 = AXIS2_PLACEMENT_3D('',#1808,#1809,#1810);
#1808 = CARTESIAN_POINT('',(34.8,13.5,3.8));
#1809 = DIRECTION('',(0.,0.,1.));
#1810 = DIRECTION('',(1.,0.,-0.));
#1811 = ( GEOMETRIC_REPRESENTATION_CONTEXT(3) 
GLOBAL_UNCERTAINTY_ASSIGNED_CONTEXT((#1815)) 
GLOBAL_UNIT_ASSIGNED_CONTEXT((#1812,#1813,#1814)) REPRESENTATION_CONTEXT
('Context #1','3D Context with UNIT and UNCERTAINTY') );
#1812 = ( LENGTH_UNIT() NAMED_UNIT(*) SI_UNIT(.MILLI.,.METRE.) );
#1813 = ( NAMED_UNIT(*) PLANE_ANGLE_UNIT() SI_UNIT($,.RADIAN.) );
#1814 = ( NAMED_UNIT(*) SI_UNIT($,.STERADIAN.) SOLID_ANGLE_UNIT() );
#1815 = UNCERTAINTY_MEASURE_WITH_UNIT(LENGTH_MEASURE(1.E-07),#1812,
  'distance_accuracy_value','confusion accuracy');
#1816 = CONTEXT_DEPENDENT_SHAPE_REPRESENTATION(#1817,#1819);
#1817 = ( REPRESENTATION_RELATIONSHIP('','',#1660,#10) 
REPRESENTATION_RELATIONSHIP_WITH_TRANSFORMATION(#1818) 
SHAPE_REPRESENTATION_RELATIONSHIP() );
#1818 = ITEM_DEFINED_TRANSFORMATION('','',#11,#59);
#1819 = PRODUCT_DEFINITION_SHAPE('Placement','Placement of an item',
  #1820);
#1820 = NEXT_ASSEMBLY_USAGE_OCCURRENCE('12','Power_MOSFET_2','',#5,#1655
  ,$);
#1821 = PRODUCT_RELATED_PRODUCT_CATEGORY('part',$,(#1657));
#1822 = SHAPE_DEFINITION_REPRESENTATION(#1823,#1829);
#1823 = PRODUCT_DEFINITION_SHAPE('','',#1824);
#1824 = PRODUCT_DEFINITION('design','',#1825,#1828);
#1825 = PRODUCT_DEFINITION_FORMATION('','',#1826);
#1826 = PRODUCT('USB_charge_controller','USB_charge_controller','',(
    #1827));
#1827 = PRODUCT_CONTEXT('',#2,'mechanical');
#1828 = PRODUCT_DEFINITION_CONTEXT('part definition',#2,'design');
#1829 = ADVANCED_BREP_SHAPE_REPRESENTATION('',(#11,#1830),#1980);
#1830 = MANIFOLD_SOLID_BREP('',#1831);
#1831 = CLOSED_SHELL('',(#1832,#1872,#1912,#1934,#1956,#1968));
#1832 = ADVANCED_FACE('',(#1833),#1867,.F.);
#1833 = FACE_BOUND('',#1834,.T.);
#1834 = EDGE_LOOP('',(#1835,#1845,#1853,#1861));
#1835 = ORIENTED_EDGE('',*,*,#1836,.T.);
#1836 = EDGE_CURVE('',#1837,#1839,#1841,.T.);
#1837 = VERTEX_POINT('',#1838);
#1838 = CARTESIAN_POINT('',(18.5,5.4,1.6));
#1839 = VERTEX_POINT('',#1840);
#1840 = CARTESIAN_POINT('',(18.5,5.4,3.4));
#1841 = LINE('',#1842,#1843);
#1842 = CARTESIAN_POINT('',(18.5,5.4,1.6));
#1843 = VECTOR('',#1844,1.);
#1844 = DIRECTION('',(0.,0.,1.));
#1845 = ORIENTED_EDGE('',*,*,#1846,.T.);
#1846 = EDGE_CURVE('',#1839,#1847,#1849,.T.);
#1847 = VERTEX_POINT('',#1848);
#1848 = CARTESIAN_POINT('',(18.5,10.4,3.4));
#1849 = LINE('',#1850,#1851);
#1850 = CARTESIAN_POINT('',(18.5,5.4,3.4));
#1851 = VECTOR('',#1852,1.);
#1852 = DIRECTION('',(0.,1.,0.));
#1853 = ORIENTED_EDGE('',*,*,#1854,.F.);
#1854 = EDGE_CURVE('',#1855,#1847,#1857,.T.);
#1855 = VERTEX_POINT('',#1856);
#1856 = CARTESIAN_POINT('',(18.5,10.4,1.6));
#1857 = LINE('',#1858,#1859);
#1858 = CARTESIAN_POINT('',(18.5,10.4,1.6));
#1859 = VECTOR('',#1860,1.);
#1860 = DIRECTION('',(0.,0.,1.));
#1861 = ORIENTED_EDGE('',*,*,#1862,.F.);
#1862 = EDGE_CURVE('',#1837,#1855,#1863,.T.);
#1863 = LINE('',#1864,#1865);
#1864 = CARTESIAN_POINT('',(18.5,5.4,1.6));
#1865 = VECTOR('',#1866,1.);
#1866 = DIRECTION('',(0.,1.,0.));
#1867 = PLANE('',#1868);
#1868 = AXIS2_PLACEMENT_3D('',#1869,#1870,#1871);
#1869 = CARTESIAN_POINT('',(18.5,5.4,1.6));
#1870 = DIRECTION('',(1.,0.,0.));
#1871 = DIRECTION('',(0.,0.,1.));
#1872 = ADVANCED_FACE('',(#1873),#1907,.T.);
#1873 = FACE_BOUND('',#1874,.T.);
#1874 = EDGE_LOOP('',(#1875,#1885,#1893,#1901));
#1875 = ORIENTED_EDGE('',*,*,#1876,.F.);
#1876 = EDGE_CURVE('',#1877,#1879,#1881,.T.);
#1877 = VERTEX_POINT('',#1878);
#1878 = CARTESIAN_POINT('',(23.5,5.4,1.6));
#1879 = VERTEX_POINT('',#1880);
#1880 = CARTESIAN_POINT('',(23.5,5.4,3.4));
#1881 = LINE('',#1882,#1883);
#1882 = CARTESIAN_POINT('',(23.5,5.4,1.6));
#1883 = VECTOR('',#1884,1.);
#1884 = DIRECTION('',(0.,0.,1.));
#1885 = ORIENTED_EDGE('',*,*,#1886,.T.);
#1886 = EDGE_CURVE('',#1877,#1887,#1889,.T.);
#1887 = VERTEX_POINT('',#1888);
#1888 = CARTESIAN_POINT('',(23.5,10.4,1.6));
#1889 = LINE('',#1890,#1891);
#1890 = CARTESIAN_POINT('',(23.5,5.4,1.6));
#1891 = VECTOR('',#1892,1.);
#1892 = DIRECTION('',(0.,1.,0.));
#1893 = ORIENTED_EDGE('',*,*,#1894,.T.);
#1894 = EDGE_CURVE('',#1887,#1895,#1897,.T.);
#1895 = VERTEX_POINT('',#1896);
#1896 = CARTESIAN_POINT('',(23.5,10.4,3.4));
#1897 = LINE('',#1898,#1899);
#1898 = CARTESIAN_POINT('',(23.5,10.4,1.6));
#1899 = VECTOR('',#1900,1.);
#1900 = DIRECTION('',(0.,0.,1.));
#1901 = ORIENTED_EDGE('',*,*,#1902,.F.);
#1902 = EDGE_CURVE('',#1879,#1895,#1903,.T.);
#1903 = LINE('',#1904,#1905);
#1904 = CARTESIAN_POINT('',(23.5,5.4,3.4));
#1905 = VECTOR('',#1906,1.);
#1906 = DIRECTION('',(0.,1.,0.));
#1907 = PLANE('',#1908);
#1908 = AXIS2_PLACEMENT_3D('',#1909,#1910,#1911);
#1909 = CARTESIAN_POINT('',(23.5,5.4,1.6));
#1910 = DIRECTION('',(1.,0.,0.));
#1911 = DIRECTION('',(0.,0.,1.));
#1912 = ADVANCED_FACE('',(#1913),#1929,.F.);
#1913 = FACE_BOUND('',#1914,.T.);
#1914 = EDGE_LOOP('',(#1915,#1921,#1922,#1928));
#1915 = ORIENTED_EDGE('',*,*,#1916,.T.);
#1916 = EDGE_CURVE('',#1837,#1877,#1917,.T.);
#1917 = LINE('',#1918,#1919);
#1918 = CARTESIAN_POINT('',(18.5,5.4,1.6));
#1919 = VECTOR('',#1920,1.);
#1920 = DIRECTION('',(1.,0.,0.));
#1921 = ORIENTED_EDGE('',*,*,#1876,.T.);
#1922 = ORIENTED_EDGE('',*,*,#1923,.F.);
#1923 = EDGE_CURVE('',#1839,#1879,#1924,.T.);
#1924 = LINE('',#1925,#1926);
#1925 = CARTESIAN_POINT('',(18.5,5.4,3.4));
#1926 = VECTOR('',#1927,1.);
#1927 = DIRECTION('',(1.,0.,0.));
#1928 = ORIENTED_EDGE('',*,*,#1836,.F.);
#1929 = PLANE('',#1930);
#1930 = AXIS2_PLACEMENT_3D('',#1931,#1932,#1933);
#1931 = CARTESIAN_POINT('',(18.5,5.4,1.6));
#1932 = DIRECTION('',(0.,1.,0.));
#1933 = DIRECTION('',(0.,-0.,1.));
#1934 = ADVANCED_FACE('',(#1935),#1951,.T.);
#1935 = FACE_BOUND('',#1936,.T.);
#1936 = EDGE_LOOP('',(#1937,#1943,#1944,#1950));
#1937 = ORIENTED_EDGE('',*,*,#1938,.F.);
#1938 = EDGE_CURVE('',#1855,#1887,#1939,.T.);
#1939 = LINE('',#1940,#1941);
#1940 = CARTESIAN_POINT('',(18.5,10.4,1.6));
#1941 = VECTOR('',#1942,1.);
#1942 = DIRECTION('',(1.,0.,0.));
#1943 = ORIENTED_EDGE('',*,*,#1854,.T.);
#1944 = ORIENTED_EDGE('',*,*,#1945,.T.);
#1945 = EDGE_CURVE('',#1847,#1895,#1946,.T.);
#1946 = LINE('',#1947,#1948);
#1947 = CARTESIAN_POINT('',(18.5,10.4,3.4));
#1948 = VECTOR('',#1949,1.);
#1949 = DIRECTION('',(1.,0.,0.));
#1950 = ORIENTED_EDGE('',*,*,#1894,.F.);
#1951 = PLANE('',#1952);
#1952 = AXIS2_PLACEMENT_3D('',#1953,#1954,#1955);
#1953 = CARTESIAN_POINT('',(18.5,10.4,1.6));
#1954 = DIRECTION('',(0.,1.,0.));
#1955 = DIRECTION('',(0.,-0.,1.));
#1956 = ADVANCED_FACE('',(#1957),#1963,.F.);
#1957 = FACE_BOUND('',#1958,.T.);
#1958 = EDGE_LOOP('',(#1959,#1960,#1961,#1962));
#1959 = ORIENTED_EDGE('',*,*,#1862,.T.);
#1960 = ORIENTED_EDGE('',*,*,#1938,.T.);
#1961 = ORIENTED_EDGE('',*,*,#1886,.F.);
#1962 = ORIENTED_EDGE('',*,*,#1916,.F.);
#1963 = PLANE('',#1964);
#1964 = AXIS2_PLACEMENT_3D('',#1965,#1966,#1967);
#1965 = CARTESIAN_POINT('',(18.5,5.4,1.6));
#1966 = DIRECTION('',(0.,0.,1.));
#1967 = DIRECTION('',(1.,0.,-0.));
#1968 = ADVANCED_FACE('',(#1969),#1975,.T.);
#1969 = FACE_BOUND('',#1970,.T.);
#1970 = EDGE_LOOP('',(#1971,#1972,#1973,#1974));
#1971 = ORIENTED_EDGE('',*,*,#1846,.F.);
#1972 = ORIENTED_EDGE('',*,*,#1923,.T.);
#1973 = ORIENTED_EDGE('',*,*,#1902,.T.);
#1974 = ORIENTED_EDGE('',*,*,#1945,.F.);
#1975 = PLANE('',#1976);
#1976 = AXIS2_PLACEMENT_3D('',#1977,#1978,#1979);
#1977 = CARTESIAN_POINT('',(18.5,5.4,3.4));
#1978 = DIRECTION('',(0.,0.,1.));
#1979 = DIRECTION('',(1.,0.,-0.));
#1980 = ( GEOMETRIC_REPRESENTATION_CONTEXT(3) 
GLOBAL_UNCERTAINTY_ASSIGNED_CONTEXT((#1984)) 
GLOBAL_UNIT_ASSIGNED_CONTEXT((#1981,#1982,#1983)) REPRESENTATION_CONTEXT
('Context #1','3D Context with UNIT and UNCERTAINTY') );
#1981 = ( LENGTH_UNIT() NAMED_UNIT(*) SI_UNIT(.MILLI.,.METRE.) );
#1982 = ( NAMED_UNIT(*) PLANE_ANGLE_UNIT() SI_UNIT($,.RADIAN.) );
#1983 = ( NAMED_UNIT(*) SI_UNIT($,.STERADIAN.) SOLID_ANGLE_UNIT() );
#1984 = UNCERTAINTY_MEASURE_WITH_UNIT(LENGTH_MEASURE(1.E-07),#1981,
  'distance_accuracy_value','confusion accuracy');
#1985 = CONTEXT_DEPENDENT_SHAPE_REPRESENTATION(#1986,#1988);
#1986 = ( REPRESENTATION_RELATIONSHIP('','',#1829,#10) 
REPRESENTATION_RELATIONSHIP_WITH_TRANSFORMATION(#1987) 
SHAPE_REPRESENTATION_RELATIONSHIP() );
#1987 = ITEM_DEFINED_TRANSFORMATION('','',#11,#63);
#1988 = PRODUCT_DEFINITION_SHAPE('Placement','Placement of an item',
  #1989);
#1989 = NEXT_ASSEMBLY_USAGE_OCCURRENCE('13','USB_charge_controller','',
  #5,#1824,$);
#1990 = PRODUCT_RELATED_PRODUCT_CATEGORY('part',$,(#1826));
#1991 = SHAPE_DEFINITION_REPRESENTATION(#1992,#1998);
#1992 = PRODUCT_DEFINITION_SHAPE('','',#1993);
#1993 = PRODUCT_DEFINITION('design','',#1994,#1997);
#1994 = PRODUCT_DEFINITION_FORMATION('','',#1995);
#1995 = PRODUCT('Passives_keepout_A','Passives_keepout_A','',(#1996));
#1996 = PRODUCT_CONTEXT('',#2,'mechanical');
#1997 = PRODUCT_DEFINITION_CONTEXT('part definition',#2,'design');
#1998 = ADVANCED_BREP_SHAPE_REPRESENTATION('',(#11,#1999),#2149);
#1999 = MANIFOLD_SOLID_BREP('',#2000);
#2000 = CLOSED_SHELL('',(#2001,#2041,#2081,#2103,#2125,#2137));
#2001 = ADVANCED_FACE('',(#2002),#2036,.F.);
#2002 = FACE_BOUND('',#2003,.T.);
#2003 = EDGE_LOOP('',(#2004,#2014,#2022,#2030));
#2004 = ORIENTED_EDGE('',*,*,#2005,.T.);
#2005 = EDGE_CURVE('',#2006,#2008,#2010,.T.);
#2006 = VERTEX_POINT('',#2007);
#2007 = CARTESIAN_POINT('',(17.,11.,1.6));
#2008 = VERTEX_POINT('',#2009);
#2009 = CARTESIAN_POINT('',(17.,11.,2.8));
#2010 = LINE('',#2011,#2012);
#2011 = CARTESIAN_POINT('',(17.,11.,1.6));
#2012 = VECTOR('',#2013,1.);
#2013 = DIRECTION('',(0.,0.,1.));
#2014 = ORIENTED_EDGE('',*,*,#2015,.T.);
#2015 = EDGE_CURVE('',#2008,#2016,#2018,.T.);
#2016 = VERTEX_POINT('',#2017);
#2017 = CARTESIAN_POINT('',(17.,16.,2.8));
#2018 = LINE('',#2019,#2020);
#2019 = CARTESIAN_POINT('',(17.,11.,2.8));
#2020 = VECTOR('',#2021,1.);
#2021 = DIRECTION('',(0.,1.,0.));
#2022 = ORIENTED_EDGE('',*,*,#2023,.F.);
#2023 = EDGE_CURVE('',#2024,#2016,#2026,.T.);
#2024 = VERTEX_POINT('',#2025);
#2025 = CARTESIAN_POINT('',(17.,16.,1.6));
#2026 = LINE('',#2027,#2028);
#2027 = CARTESIAN_POINT('',(17.,16.,1.6));
#2028 = VECTOR('',#2029,1.);
#2029 = DIRECTION('',(0.,0.,1.));
#2030 = ORIENTED_EDGE('',*,*,#2031,.F.);
#2031 = EDGE_CURVE('',#2006,#2024,#2032,.T.);
#2032 = LINE('',#2033,#2034);
#2033 = CARTESIAN_POINT('',(17.,11.,1.6));
#2034 = VECTOR('',#2035,1.);
#2035 = DIRECTION('',(0.,1.,0.));
#2036 = PLANE('',#2037);
#2037 = AXIS2_PLACEMENT_3D('',#2038,#2039,#2040);
#2038 = CARTESIAN_POINT('',(17.,11.,1.6));
#2039 = DIRECTION('',(1.,0.,0.));
#2040 = DIRECTION('',(0.,0.,1.));
#2041 = ADVANCED_FACE('',(#2042),#2076,.T.);
#2042 = FACE_BOUND('',#2043,.T.);
#2043 = EDGE_LOOP('',(#2044,#2054,#2062,#2070));
#2044 = ORIENTED_EDGE('',*,*,#2045,.F.);
#2045 = EDGE_CURVE('',#2046,#2048,#2050,.T.);
#2046 = VERTEX_POINT('',#2047);
#2047 = CARTESIAN_POINT('',(24.,11.,1.6));
#2048 = VERTEX_POINT('',#2049);
#2049 = CARTESIAN_POINT('',(24.,11.,2.8));
#2050 = LINE('',#2051,#2052);
#2051 = CARTESIAN_POINT('',(24.,11.,1.6));
#2052 = VECTOR('',#2053,1.);
#2053 = DIRECTION('',(0.,0.,1.));
#2054 = ORIENTED_EDGE('',*,*,#2055,.T.);
#2055 = EDGE_CURVE('',#2046,#2056,#2058,.T.);
#2056 = VERTEX_POINT('',#2057);
#2057 = CARTESIAN_POINT('',(24.,16.,1.6));
#2058 = LINE('',#2059,#2060);
#2059 = CARTESIAN_POINT('',(24.,11.,1.6));
#2060 = VECTOR('',#2061,1.);
#2061 = DIRECTION('',(0.,1.,0.));
#2062 = ORIENTED_EDGE('',*,*,#2063,.T.);
#2063 = EDGE_CURVE('',#2056,#2064,#2066,.T.);
#2064 = VERTEX_POINT('',#2065);
#2065 = CARTESIAN_POINT('',(24.,16.,2.8));
#2066 = LINE('',#2067,#2068);
#2067 = CARTESIAN_POINT('',(24.,16.,1.6));
#2068 = VECTOR('',#2069,1.);
#2069 = DIRECTION('',(0.,0.,1.));
#2070 = ORIENTED_EDGE('',*,*,#2071,.F.);
#2071 = EDGE_CURVE('',#2048,#2064,#2072,.T.);
#2072 = LINE('',#2073,#2074);
#2073 = CARTESIAN_POINT('',(24.,11.,2.8));
#2074 = VECTOR('',#2075,1.);
#2075 = DIRECTION('',(0.,1.,0.));
#2076 = PLANE('',#2077);
#2077 = AXIS2_PLACEMENT_3D('',#2078,#2079,#2080);
#2078 = CARTESIAN_POINT('',(24.,11.,1.6));
#2079 = DIRECTION('',(1.,0.,0.));
#2080 = DIRECTION('',(0.,0.,1.));
#2081 = ADVANCED_FACE('',(#2082),#2098,.F.);
#2082 = FACE_BOUND('',#2083,.T.);
#2083 = EDGE_LOOP('',(#2084,#2090,#2091,#2097));
#2084 = ORIENTED_EDGE('',*,*,#2085,.T.);
#2085 = EDGE_CURVE('',#2006,#2046,#2086,.T.);
#2086 = LINE('',#2087,#2088);
#2087 = CARTESIAN_POINT('',(17.,11.,1.6));
#2088 = VECTOR('',#2089,1.);
#2089 = DIRECTION('',(1.,0.,0.));
#2090 = ORIENTED_EDGE('',*,*,#2045,.T.);
#2091 = ORIENTED_EDGE('',*,*,#2092,.F.);
#2092 = EDGE_CURVE('',#2008,#2048,#2093,.T.);
#2093 = LINE('',#2094,#2095);
#2094 = CARTESIAN_POINT('',(17.,11.,2.8));
#2095 = VECTOR('',#2096,1.);
#2096 = DIRECTION('',(1.,0.,0.));
#2097 = ORIENTED_EDGE('',*,*,#2005,.F.);
#2098 = PLANE('',#2099);
#2099 = AXIS2_PLACEMENT_3D('',#2100,#2101,#2102);
#2100 = CARTESIAN_POINT('',(17.,11.,1.6));
#2101 = DIRECTION('',(0.,1.,0.));
#2102 = DIRECTION('',(0.,-0.,1.));
#2103 = ADVANCED_FACE('',(#2104),#2120,.T.);
#2104 = FACE_BOUND('',#2105,.T.);
#2105 = EDGE_LOOP('',(#2106,#2112,#2113,#2119));
#2106 = ORIENTED_EDGE('',*,*,#2107,.F.);
#2107 = EDGE_CURVE('',#2024,#2056,#2108,.T.);
#2108 = LINE('',#2109,#2110);
#2109 = CARTESIAN_POINT('',(17.,16.,1.6));
#2110 = VECTOR('',#2111,1.);
#2111 = DIRECTION('',(1.,0.,0.));
#2112 = ORIENTED_EDGE('',*,*,#2023,.T.);
#2113 = ORIENTED_EDGE('',*,*,#2114,.T.);
#2114 = EDGE_CURVE('',#2016,#2064,#2115,.T.);
#2115 = LINE('',#2116,#2117);
#2116 = CARTESIAN_POINT('',(17.,16.,2.8));
#2117 = VECTOR('',#2118,1.);
#2118 = DIRECTION('',(1.,0.,0.));
#2119 = ORIENTED_EDGE('',*,*,#2063,.F.);
#2120 = PLANE('',#2121);
#2121 = AXIS2_PLACEMENT_3D('',#2122,#2123,#2124);
#2122 = CARTESIAN_POINT('',(17.,16.,1.6));
#2123 = DIRECTION('',(0.,1.,0.));
#2124 = DIRECTION('',(0.,-0.,1.));
#2125 = ADVANCED_FACE('',(#2126),#2132,.F.);
#2126 = FACE_BOUND('',#2127,.T.);
#2127 = EDGE_LOOP('',(#2128,#2129,#2130,#2131));
#2128 = ORIENTED_EDGE('',*,*,#2031,.T.);
#2129 = ORIENTED_EDGE('',*,*,#2107,.T.);
#2130 = ORIENTED_EDGE('',*,*,#2055,.F.);
#2131 = ORIENTED_EDGE('',*,*,#2085,.F.);
#2132 = PLANE('',#2133);
#2133 = AXIS2_PLACEMENT_3D('',#2134,#2135,#2136);
#2134 = CARTESIAN_POINT('',(17.,11.,1.6));
#2135 = DIRECTION('',(0.,0.,1.));
#2136 = DIRECTION('',(1.,0.,-0.));
#2137 = ADVANCED_FACE('',(#2138),#2144,.T.);
#2138 = FACE_BOUND('',#2139,.T.);
#2139 = EDGE_LOOP('',(#2140,#2141,#2142,#2143));
#2140 = ORIENTED_EDGE('',*,*,#2015,.F.);
#2141 = ORIENTED_EDGE('',*,*,#2092,.T.);
#2142 = ORIENTED_EDGE('',*,*,#2071,.T.);
#2143 = ORIENTED_EDGE('',*,*,#2114,.F.);
#2144 = PLANE('',#2145);
#2145 = AXIS2_PLACEMENT_3D('',#2146,#2147,#2148);
#2146 = CARTESIAN_POINT('',(17.,11.,2.8));
#2147 = DIRECTION('',(0.,0.,1.));
#2148 = DIRECTION('',(1.,0.,-0.));
#2149 = ( GEOMETRIC_REPRESENTATION_CONTEXT(3) 
GLOBAL_UNCERTAINTY_ASSIGNED_CONTEXT((#2153)) 
GLOBAL_UNIT_ASSIGNED_CONTEXT((#2150,#2151,#2152)) REPRESENTATION_CONTEXT
('Context #1','3D Context with UNIT and UNCERTAINTY') );
#2150 = ( LENGTH_UNIT() NAMED_UNIT(*) SI_UNIT(.MILLI.,.METRE.) );
#2151 = ( NAMED_UNIT(*) PLANE_ANGLE_UNIT() SI_UNIT($,.RADIAN.) );
#2152 = ( NAMED_UNIT(*) SI_UNIT($,.STERADIAN.) SOLID_ANGLE_UNIT() );
#2153 = UNCERTAINTY_MEASURE_WITH_UNIT(LENGTH_MEASURE(1.E-07),#2150,
  'distance_accuracy_value','confusion accuracy');
#2154 = CONTEXT_DEPENDENT_SHAPE_REPRESENTATION(#2155,#2157);
#2155 = ( REPRESENTATION_RELATIONSHIP('','',#1998,#10) 
REPRESENTATION_RELATIONSHIP_WITH_TRANSFORMATION(#2156) 
SHAPE_REPRESENTATION_RELATIONSHIP() );
#2156 = ITEM_DEFINED_TRANSFORMATION('','',#11,#67);
#2157 = PRODUCT_DEFINITION_SHAPE('Placement','Placement of an item',
  #2158);
#2158 = NEXT_ASSEMBLY_USAGE_OCCURRENCE('14','Passives_keepout_A','',#5,
  #1993,$);
#2159 = PRODUCT_RELATED_PRODUCT_CATEGORY('part',$,(#1995));
#2160 = SHAPE_DEFINITION_REPRESENTATION(#2161,#2167);
#2161 = PRODUCT_DEFINITION_SHAPE('','',#2162);
#2162 = PRODUCT_DEFINITION('design','',#2163,#2166);
#2163 = PRODUCT_DEFINITION_FORMATION('','',#2164);
#2164 = PRODUCT('Passives_keepout_B','Passives_keepout_B','',(#2165));
#2165 = PRODUCT_CONTEXT('',#2,'mechanical');
#2166 = PRODUCT_DEFINITION_CONTEXT('part definition',#2,'design');
#2167 = ADVANCED_BREP_SHAPE_REPRESENTATION('',(#11,#2168),#2318);
#2168 = MANIFOLD_SOLID_BREP('',#2169);
#2169 = CLOSED_SHELL('',(#2170,#2210,#2250,#2272,#2294,#2306));
#2170 = ADVANCED_FACE('',(#2171),#2205,.F.);
#2171 = FACE_BOUND('',#2172,.T.);
#2172 = EDGE_LOOP('',(#2173,#2183,#2191,#2199));
#2173 = ORIENTED_EDGE('',*,*,#2174,.T.);
#2174 = EDGE_CURVE('',#2175,#2177,#2179,.T.);
#2175 = VERTEX_POINT('',#2176);
#2176 = CARTESIAN_POINT('',(24.,20.,1.6));
#2177 = VERTEX_POINT('',#2178);
#2178 = CARTESIAN_POINT('',(24.,20.,2.8));
#2179 = LINE('',#2180,#2181);
#2180 = CARTESIAN_POINT('',(24.,20.,1.6));
#2181 = VECTOR('',#2182,1.);
#2182 = DIRECTION('',(0.,0.,1.));
#2183 = ORIENTED_EDGE('',*,*,#2184,.T.);
#2184 = EDGE_CURVE('',#2177,#2185,#2187,.T.);
#2185 = VERTEX_POINT('',#2186);
#2186 = CARTESIAN_POINT('',(24.,24.5,2.8));
#2187 = LINE('',#2188,#2189);
#2188 = CARTESIAN_POINT('',(24.,20.,2.8));
#2189 = VECTOR('',#2190,1.);
#2190 = DIRECTION('',(0.,1.,0.));
#2191 = ORIENTED_EDGE('',*,*,#2192,.F.);
#2192 = EDGE_CURVE('',#2193,#2185,#2195,.T.);
#2193 = VERTEX_POINT('',#2194);
#2194 = CARTESIAN_POINT('',(24.,24.5,1.6));
#2195 = LINE('',#2196,#2197);
#2196 = CARTESIAN_POINT('',(24.,24.5,1.6));
#2197 = VECTOR('',#2198,1.);
#2198 = DIRECTION('',(0.,0.,1.));
#2199 = ORIENTED_EDGE('',*,*,#2200,.F.);
#2200 = EDGE_CURVE('',#2175,#2193,#2201,.T.);
#2201 = LINE('',#2202,#2203);
#2202 = CARTESIAN_POINT('',(24.,20.,1.6));
#2203 = VECTOR('',#2204,1.);
#2204 = DIRECTION('',(0.,1.,0.));
#2205 = PLANE('',#2206);
#2206 = AXIS2_PLACEMENT_3D('',#2207,#2208,#2209);
#2207 = CARTESIAN_POINT('',(24.,20.,1.6));
#2208 = DIRECTION('',(1.,0.,0.));
#2209 = DIRECTION('',(0.,0.,1.));
#2210 = ADVANCED_FACE('',(#2211),#2245,.T.);
#2211 = FACE_BOUND('',#2212,.T.);
#2212 = EDGE_LOOP('',(#2213,#2223,#2231,#2239));
#2213 = ORIENTED_EDGE('',*,*,#2214,.F.);
#2214 = EDGE_CURVE('',#2215,#2217,#2219,.T.);
#2215 = VERTEX_POINT('',#2216);
#2216 = CARTESIAN_POINT('',(36.,20.,1.6));
#2217 = VERTEX_POINT('',#2218);
#2218 = CARTESIAN_POINT('',(36.,20.,2.8));
#2219 = LINE('',#2220,#2221);
#2220 = CARTESIAN_POINT('',(36.,20.,1.6));
#2221 = VECTOR('',#2222,1.);
#2222 = DIRECTION('',(0.,0.,1.));
#2223 = ORIENTED_EDGE('',*,*,#2224,.T.);
#2224 = EDGE_CURVE('',#2215,#2225,#2227,.T.);
#2225 = VERTEX_POINT('',#2226);
#2226 = CARTESIAN_POINT('',(36.,24.5,1.6));
#2227 = LINE('',#2228,#2229);
#2228 = CARTESIAN_POINT('',(36.,20.,1.6));
#2229 = VECTOR('',#2230,1.);
#2230 = DIRECTION('',(0.,1.,0.));
#2231 = ORIENTED_EDGE('',*,*,#2232,.T.);
#2232 = EDGE_CURVE('',#2225,#2233,#2235,.T.);
#2233 = VERTEX_POINT('',#2234);
#2234 = CARTESIAN_POINT('',(36.,24.5,2.8));
#2235 = LINE('',#2236,#2237);
#2236 = CARTESIAN_POINT('',(36.,24.5,1.6));
#2237 = VECTOR('',#2238,1.);
#2238 = DIRECTION('',(0.,0.,1.));
#2239 = ORIENTED_EDGE('',*,*,#2240,.F.);
#2240 = EDGE_CURVE('',#2217,#2233,#2241,.T.);
#2241 = LINE('',#2242,#2243);
#2242 = CARTESIAN_POINT('',(36.,20.,2.8));
#2243 = VECTOR('',#2244,1.);
#2244 = DIRECTION('',(0.,1.,0.));
#2245 = PLANE('',#2246);
#2246 = AXIS2_PLACEMENT_3D('',#2247,#2248,#2249);
#2247 = CARTESIAN_POINT('',(36.,20.,1.6));
#2248 = DIRECTION('',(1.,0.,0.));
#2249 = DIRECTION('',(0.,0.,1.));
#2250 = ADVANCED_FACE('',(#2251),#2267,.F.);
#2251 = FACE_BOUND('',#2252,.T.);
#2252 = EDGE_LOOP('',(#2253,#2259,#2260,#2266));
#2253 = ORIENTED_EDGE('',*,*,#2254,.T.);
#2254 = EDGE_CURVE('',#2175,#2215,#2255,.T.);
#2255 = LINE('',#2256,#2257);
#2256 = CARTESIAN_POINT('',(24.,20.,1.6));
#2257 = VECTOR('',#2258,1.);
#2258 = DIRECTION('',(1.,0.,0.));
#2259 = ORIENTED_EDGE('',*,*,#2214,.T.);
#2260 = ORIENTED_EDGE('',*,*,#2261,.F.);
#2261 = EDGE_CURVE('',#2177,#2217,#2262,.T.);
#2262 = LINE('',#2263,#2264);
#2263 = CARTESIAN_POINT('',(24.,20.,2.8));
#2264 = VECTOR('',#2265,1.);
#2265 = DIRECTION('',(1.,0.,0.));
#2266 = ORIENTED_EDGE('',*,*,#2174,.F.);
#2267 = PLANE('',#2268);
#2268 = AXIS2_PLACEMENT_3D('',#2269,#2270,#2271);
#2269 = CARTESIAN_POINT('',(24.,20.,1.6));
#2270 = DIRECTION('',(0.,1.,0.));
#2271 = DIRECTION('',(0.,-0.,1.));
#2272 = ADVANCED_FACE('',(#2273),#2289,.T.);
#2273 = FACE_BOUND('',#2274,.T.);
#2274 = EDGE_LOOP('',(#2275,#2281,#2282,#2288));
#2275 = ORIENTED_EDGE('',*,*,#2276,.F.);
#2276 = EDGE_CURVE('',#2193,#2225,#2277,.T.);
#2277 = LINE('',#2278,#2279);
#2278 = CARTESIAN_POINT('',(24.,24.5,1.6));
#2279 = VECTOR('',#2280,1.);
#2280 = DIRECTION('',(1.,0.,0.));
#2281 = ORIENTED_EDGE('',*,*,#2192,.T.);
#2282 = ORIENTED_EDGE('',*,*,#2283,.T.);
#2283 = EDGE_CURVE('',#2185,#2233,#2284,.T.);
#2284 = LINE('',#2285,#2286);
#2285 = CARTESIAN_POINT('',(24.,24.5,2.8));
#2286 = VECTOR('',#2287,1.);
#2287 = DIRECTION('',(1.,0.,0.));
#2288 = ORIENTED_EDGE('',*,*,#2232,.F.);
#2289 = PLANE('',#2290);
#2290 = AXIS2_PLACEMENT_3D('',#2291,#2292,#2293);
#2291 = CARTESIAN_POINT('',(24.,24.5,1.6));
#2292 = DIRECTION('',(0.,1.,0.));
#2293 = DIRECTION('',(0.,-0.,1.));
#2294 = ADVANCED_FACE('',(#2295),#2301,.F.);
#2295 = FACE_BOUND('',#2296,.T.);
#2296 = EDGE_LOOP('',(#2297,#2298,#2299,#2300));
#2297 = ORIENTED_EDGE('',*,*,#2200,.T.);
#2298 = ORIENTED_EDGE('',*,*,#2276,.T.);
#2299 = ORIENTED_EDGE('',*,*,#2224,.F.);
#2300 = ORIENTED_EDGE('',*,*,#2254,.F.);
#2301 = PLANE('',#2302);
#2302 = AXIS2_PLACEMENT_3D('',#2303,#2304,#2305);
#2303 = CARTESIAN_POINT('',(24.,20.,1.6));
#2304 = DIRECTION('',(0.,0.,1.));
#2305 = DIRECTION('',(1.,0.,-0.));
#2306 = ADVANCED_FACE('',(#2307),#2313,.T.);
#2307 = FACE_BOUND('',#2308,.T.);
#2308 = EDGE_LOOP('',(#2309,#2310,#2311,#2312));
#2309 = ORIENTED_EDGE('',*,*,#2184,.F.);
#2310 = ORIENTED_EDGE('',*,*,#2261,.T.);
#2311 = ORIENTED_EDGE('',*,*,#2240,.T.);
#2312 = ORIENTED_EDGE('',*,*,#2283,.F.);
#2313 = PLANE('',#2314);
#2314 = AXIS2_PLACEMENT_3D('',#2315,#2316,#2317);
#2315 = CARTESIAN_POINT('',(24.,20.,2.8));
#2316 = DIRECTION('',(0.,0.,1.));
#2317 = DIRECTION('',(1.,0.,-0.));
#2318 = ( GEOMETRIC_REPRESENTATION_CONTEXT(3) 
GLOBAL_UNCERTAINTY_ASSIGNED_CONTEXT((#2322)) 
GLOBAL_UNIT_ASSIGNED_CONTEXT((#2319,#2320,#2321)) REPRESENTATION_CONTEXT
('Context #1','3D Context with UNIT and UNCERTAINTY') );
#2319 = ( LENGTH_UNIT() NAMED_UNIT(*) SI_UNIT(.MILLI.,.METRE.) );
#2320 = ( NAMED_UNIT(*) PLANE_ANGLE_UNIT() SI_UNIT($,.RADIAN.) );
#2321 = ( NAMED_UNIT(*) SI_UNIT($,.STERADIAN.) SOLID_ANGLE_UNIT() );
#2322 = UNCERTAINTY_MEASURE_WITH_UNIT(LENGTH_MEASURE(1.E-07),#2319,
  'distance_accuracy_value','confusion accuracy');
#2323 = CONTEXT_DEPENDENT_SHAPE_REPRESENTATION(#2324,#2326);
#2324 = ( REPRESENTATION_RELATIONSHIP('','',#2167,#10) 
REPRESENTATION_RELATIONSHIP_WITH_TRANSFORMATION(#2325) 
SHAPE_REPRESENTATION_RELATIONSHIP() );
#2325 = ITEM_DEFINED_TRANSFORMATION('','',#11,#71);
#2326 = PRODUCT_DEFINITION_SHAPE('Placement','Placement of an item',
  #2327);
#2327 = NEXT_ASSEMBLY_USAGE_OCCURRENCE('15','Passives_keepout_B','',#5,
  #2162,$);
#2328 = PRODUCT_RELATED_PRODUCT_CATEGORY('part',$,(#2164));
#2329 = SHAPE_DEFINITION_REPRESENTATION(#2330,#2336);
#2330 = PRODUCT_DEFINITION_SHAPE('','',#2331);
#2331 = PRODUCT_DEFINITION('design','',#2332,#2335);
#2332 = PRODUCT_DEFINITION_FORMATION('','',#2333);
#2333 = PRODUCT('Passives_keepout_C','Passives_keepout_C','',(#2334));
#2334 = PRODUCT_CONTEXT('',#2,'mechanical');
#2335 = PRODUCT_DEFINITION_CONTEXT('part definition',#2,'design');
#2336 = ADVANCED_BREP_SHAPE_REPRESENTATION('',(#11,#2337),#2487);
#2337 = MANIFOLD_SOLID_BREP('',#2338);
#2338 = CLOSED_SHELL('',(#2339,#2379,#2419,#2441,#2463,#2475));
#2339 = ADVANCED_FACE('',(#2340),#2374,.F.);
#2340 = FACE_BOUND('',#2341,.T.);
#2341 = EDGE_LOOP('',(#2342,#2352,#2360,#2368));
#2342 = ORIENTED_EDGE('',*,*,#2343,.T.);
#2343 = EDGE_CURVE('',#2344,#2346,#2348,.T.);
#2344 = VERTEX_POINT('',#2345);
#2345 = CARTESIAN_POINT('',(41.,12.8,1.6));
#2346 = VERTEX_POINT('',#2347);
#2347 = CARTESIAN_POINT('',(41.,12.8,2.8));
#2348 = LINE('',#2349,#2350);
#2349 = CARTESIAN_POINT('',(41.,12.8,1.6));
#2350 = VECTOR('',#2351,1.);
#2351 = DIRECTION('',(0.,0.,1.));
#2352 = ORIENTED_EDGE('',*,*,#2353,.T.);
#2353 = EDGE_CURVE('',#2346,#2354,#2356,.T.);
#2354 = VERTEX_POINT('',#2355);
#2355 = CARTESIAN_POINT('',(41.,17.3,2.8));
#2356 = LINE('',#2357,#2358);
#2357 = CARTESIAN_POINT('',(41.,12.8,2.8));
#2358 = VECTOR('',#2359,1.);
#2359 = DIRECTION('',(0.,1.,0.));
#2360 = ORIENTED_EDGE('',*,*,#2361,.F.);
#2361 = EDGE_CURVE('',#2362,#2354,#2364,.T.);
#2362 = VERTEX_POINT('',#2363);
#2363 = CARTESIAN_POINT('',(41.,17.3,1.6));
#2364 = LINE('',#2365,#2366);
#2365 = CARTESIAN_POINT('',(41.,17.3,1.6));
#2366 = VECTOR('',#2367,1.);
#2367 = DIRECTION('',(0.,0.,1.));
#2368 = ORIENTED_EDGE('',*,*,#2369,.F.);
#2369 = EDGE_CURVE('',#2344,#2362,#2370,.T.);
#2370 = LINE('',#2371,#2372);
#2371 = CARTESIAN_POINT('',(41.,12.8,1.6));
#2372 = VECTOR('',#2373,1.);
#2373 = DIRECTION('',(0.,1.,0.));
#2374 = PLANE('',#2375);
#2375 = AXIS2_PLACEMENT_3D('',#2376,#2377,#2378);
#2376 = CARTESIAN_POINT('',(41.,12.8,1.6));
#2377 = DIRECTION('',(1.,0.,0.));
#2378 = DIRECTION('',(0.,0.,1.));
#2379 = ADVANCED_FACE('',(#2380),#2414,.T.);
#2380 = FACE_BOUND('',#2381,.T.);
#2381 = EDGE_LOOP('',(#2382,#2392,#2400,#2408));
#2382 = ORIENTED_EDGE('',*,*,#2383,.F.);
#2383 = EDGE_CURVE('',#2384,#2386,#2388,.T.);
#2384 = VERTEX_POINT('',#2385);
#2385 = CARTESIAN_POINT('',(47.5,12.8,1.6));
#2386 = VERTEX_POINT('',#2387);
#2387 = CARTESIAN_POINT('',(47.5,12.8,2.8));
#2388 = LINE('',#2389,#2390);
#2389 = CARTESIAN_POINT('',(47.5,12.8,1.6));
#2390 = VECTOR('',#2391,1.);
#2391 = DIRECTION('',(0.,0.,1.));
#2392 = ORIENTED_EDGE('',*,*,#2393,.T.);
#2393 = EDGE_CURVE('',#2384,#2394,#2396,.T.);
#2394 = VERTEX_POINT('',#2395);
#2395 = CARTESIAN_POINT('',(47.5,17.3,1.6));
#2396 = LINE('',#2397,#2398);
#2397 = CARTESIAN_POINT('',(47.5,12.8,1.6));
#2398 = VECTOR('',#2399,1.);
#2399 = DIRECTION('',(0.,1.,0.));
#2400 = ORIENTED_EDGE('',*,*,#2401,.T.);
#2401 = EDGE_CURVE('',#2394,#2402,#2404,.T.);
#2402 = VERTEX_POINT('',#2403);
#2403 = CARTESIAN_POINT('',(47.5,17.3,2.8));
#2404 = LINE('',#2405,#2406);
#2405 = CARTESIAN_POINT('',(47.5,17.3,1.6));
#2406 = VECTOR('',#2407,1.);
#2407 = DIRECTION('',(0.,0.,1.));
#2408 = ORIENTED_EDGE('',*,*,#2409,.F.);
#2409 = EDGE_CURVE('',#2386,#2402,#2410,.T.);
#2410 = LINE('',#2411,#2412);
#2411 = CARTESIAN_POINT('',(47.5,12.8,2.8));
#2412 = VECTOR('',#2413,1.);
#2413 = DIRECTION('',(0.,1.,0.));
#2414 = PLANE('',#2415);
#2415 = AXIS2_PLACEMENT_3D('',#2416,#2417,#2418);
#2416 = CARTESIAN_POINT('',(47.5,12.8,1.6));
#2417 = DIRECTION('',(1.,0.,0.));
#2418 = DIRECTION('',(0.,0.,1.));
#2419 = ADVANCED_FACE('',(#2420),#2436,.F.);
#2420 = FACE_BOUND('',#2421,.T.);
#2421 = EDGE_LOOP('',(#2422,#2428,#2429,#2435));
#2422 = ORIENTED_EDGE('',*,*,#2423,.T.);
#2423 = EDGE_CURVE('',#2344,#2384,#2424,.T.);
#2424 = LINE('',#2425,#2426);
#2425 = CARTESIAN_POINT('',(41.,12.8,1.6));
#2426 = VECTOR('',#2427,1.);
#2427 = DIRECTION('',(1.,0.,0.));
#2428 = ORIENTED_EDGE('',*,*,#2383,.T.);
#2429 = ORIENTED_EDGE('',*,*,#2430,.F.);
#2430 = EDGE_CURVE('',#2346,#2386,#2431,.T.);
#2431 = LINE('',#2432,#2433);
#2432 = CARTESIAN_POINT('',(41.,12.8,2.8));
#2433 = VECTOR('',#2434,1.);
#2434 = DIRECTION('',(1.,0.,0.));
#2435 = ORIENTED_EDGE('',*,*,#2343,.F.);
#2436 = PLANE('',#2437);
#2437 = AXIS2_PLACEMENT_3D('',#2438,#2439,#2440);
#2438 = CARTESIAN_POINT('',(41.,12.8,1.6));
#2439 = DIRECTION('',(0.,1.,0.));
#2440 = DIRECTION('',(0.,-0.,1.));
#2441 = ADVANCED_FACE('',(#2442),#2458,.T.);
#2442 = FACE_BOUND('',#2443,.T.);
#2443 = EDGE_LOOP('',(#2444,#2450,#2451,#2457));
#2444 = ORIENTED_EDGE('',*,*,#2445,.F.);
#2445 = EDGE_CURVE('',#2362,#2394,#2446,.T.);
#2446 = LINE('',#2447,#2448);
#2447 = CARTESIAN_POINT('',(41.,17.3,1.6));
#2448 = VECTOR('',#2449,1.);
#2449 = DIRECTION('',(1.,0.,0.));
#2450 = ORIENTED_EDGE('',*,*,#2361,.T.);
#2451 = ORIENTED_EDGE('',*,*,#2452,.T.);
#2452 = EDGE_CURVE('',#2354,#2402,#2453,.T.);
#2453 = LINE('',#2454,#2455);
#2454 = CARTESIAN_POINT('',(41.,17.3,2.8));
#2455 = VECTOR('',#2456,1.);
#2456 = DIRECTION('',(1.,0.,0.));
#2457 = ORIENTED_EDGE('',*,*,#2401,.F.);
#2458 = PLANE('',#2459);
#2459 = AXIS2_PLACEMENT_3D('',#2460,#2461,#2462);
#2460 = CARTESIAN_POINT('',(41.,17.3,1.6));
#2461 = DIRECTION('',(0.,1.,0.));
#2462 = DIRECTION('',(0.,-0.,1.));
#2463 = ADVANCED_FACE('',(#2464),#2470,.F.);
#2464 = FACE_BOUND('',#2465,.T.);
#2465 = EDGE_LOOP('',(#2466,#2467,#2468,#2469));
#2466 = ORIENTED_EDGE('',*,*,#2369,.T.);
#2467 = ORIENTED_EDGE('',*,*,#2445,.T.);
#2468 = ORIENTED_EDGE('',*,*,#2393,.F.);
#2469 = ORIENTED_EDGE('',*,*,#2423,.F.);
#2470 = PLANE('',#2471);
#2471 = AXIS2_PLACEMENT_3D('',#2472,#2473,#2474);
#2472 = CARTESIAN_POINT('',(41.,12.8,1.6));
#2473 = DIRECTION('',(0.,0.,1.));
#2474 = DIRECTION('',(1.,0.,-0.));
#2475 = ADVANCED_FACE('',(#2476),#2482,.T.);
#2476 = FACE_BOUND('',#2477,.T.);
#2477 = EDGE_LOOP('',(#2478,#2479,#2480,#2481));
#2478 = ORIENTED_EDGE('',*,*,#2353,.F.);
#2479 = ORIENTED_EDGE('',*,*,#2430,.T.);
#2480 = ORIENTED_EDGE('',*,*,#2409,.T.);
#2481 = ORIENTED_EDGE('',*,*,#2452,.F.);
#2482 = PLANE('',#2483);
#2483 = AXIS2_PLACEMENT_3D('',#2484,#2485,#2486);
#2484 = CARTESIAN_POINT('',(41.,12.8,2.8));
#2485 = DIRECTION('',(0.,0.,1.));
#2486 = DIRECTION('',(1.,0.,-0.));
#2487 = ( GEOMETRIC_REPRESENTATION_CONTEXT(3) 
GLOBAL_UNCERTAINTY_ASSIGNED_CONTEXT((#2491)) 
GLOBAL_UNIT_ASSIGNED_CONTEXT((#2488,#2489,#2490)) REPRESENTATION_CONTEXT
('Context #1','3D Context with UNIT and UNCERTAINTY') );
#2488 = ( LENGTH_UNIT() NAMED_UNIT(*) SI_UNIT(.MILLI.,.METRE.) );
#2489 = ( NAMED_UNIT(*) PLANE_ANGLE_UNIT() SI_UNIT($,.RADIAN.) );
#2490 = ( NAMED_UNIT(*) SI_UNIT($,.STERADIAN.) SOLID_ANGLE_UNIT() );
#2491 = UNCERTAINTY_MEASURE_WITH_UNIT(LENGTH_MEASURE(1.E-07),#2488,
  'distance_accuracy_value','confusion accuracy');
#2492 = CONTEXT_DEPENDENT_SHAPE_REPRESENTATION(#2493,#2495);
#2493 = ( REPRESENTATION_RELATIONSHIP('','',#2336,#10) 
REPRESENTATION_RELATIONSHIP_WITH_TRANSFORMATION(#2494) 
SHAPE_REPRESENTATION_RELATIONSHIP() );
#2494 = ITEM_DEFINED_TRANSFORMATION('','',#11,#75);
#2495 = PRODUCT_DEFINITION_SHAPE('Placement','Placement of an item',
  #2496);
#2496 = NEXT_ASSEMBLY_USAGE_OCCURRENCE('16','Passives_keepout_C','',#5,
  #2331,$);
#2497 = PRODUCT_RELATED_PRODUCT_CATEGORY('part',$,(#2333));
#2498 = MECHANICAL_DESIGN_GEOMETRIC_PRESENTATION_REPRESENTATION('',(
    #2499),#1232);
#2499 = STYLED_ITEM('color',(#2500),#1179);
#2500 = PRESENTATION_STYLE_ASSIGNMENT((#2501,#2507));
#2501 = SURFACE_STYLE_USAGE(.BOTH.,#2502);
#2502 = SURFACE_SIDE_STYLE('',(#2503));
#2503 = SURFACE_STYLE_FILL_AREA(#2504);
#2504 = FILL_AREA_STYLE('',(#2505));
#2505 = FILL_AREA_STYLE_COLOUR('',#2506);
#2506 = COLOUR_RGB('',0.749019635948,0.749019635948,0.72156863771);
#2507 = CURVE_STYLE('',#2508,POSITIVE_LENGTH_MEASURE(0.1),#2509);
#2508 = DRAUGHTING_PRE_DEFINED_CURVE_FONT('continuous');
#2509 = COLOUR_RGB('',9.803921802644E-02,9.803921802644E-02,
  9.803921802644E-02);
#2510 = MECHANICAL_DESIGN_GEOMETRIC_PRESENTATION_REPRESENTATION('',(
    #2511),#1980);
#2511 = STYLED_ITEM('color',(#2512),#1830);
#2512 = PRESENTATION_STYLE_ASSIGNMENT((#2513,#2518));
#2513 = SURFACE_STYLE_USAGE(.BOTH.,#2514);
#2514 = SURFACE_SIDE_STYLE('',(#2515));
#2515 = SURFACE_STYLE_FILL_AREA(#2516);
#2516 = FILL_AREA_STYLE('',(#2517));
#2517 = FILL_AREA_STYLE_COLOUR('',#2509);
#2518 = CURVE_STYLE('',#2519,POSITIVE_LENGTH_MEASURE(0.1),#2509);
#2519 = DRAUGHTING_PRE_DEFINED_CURVE_FONT('continuous');
#2520 = MECHANICAL_DESIGN_GEOMETRIC_PRESENTATION_REPRESENTATION('',(
    #2521),#1304);
#2521 = STYLED_ITEM('color',(#2522),#1251);
#2522 = PRESENTATION_STYLE_ASSIGNMENT((#2523,#2528));
#2523 = SURFACE_STYLE_USAGE(.BOTH.,#2524);
#2524 = SURFACE_SIDE_STYLE('',(#2525));
#2525 = SURFACE_STYLE_FILL_AREA(#2526);
#2526 = FILL_AREA_STYLE('',(#2527));
#2527 = FILL_AREA_STYLE_COLOUR('',#2506);
#2528 = CURVE_STYLE('',#2529,POSITIVE_LENGTH_MEASURE(0.1),#2509);
#2529 = DRAUGHTING_PRE_DEFINED_CURVE_FONT('continuous');
#2530 = MECHANICAL_DESIGN_GEOMETRIC_PRESENTATION_REPRESENTATION('',(
    #2531),#991);
#2531 = STYLED_ITEM('color',(#2532),#841);
#2532 = PRESENTATION_STYLE_ASSIGNMENT((#2533,#2539));
#2533 = SURFACE_STYLE_USAGE(.BOTH.,#2534);
#2534 = SURFACE_SIDE_STYLE('',(#2535));
#2535 = SURFACE_STYLE_FILL_AREA(#2536);
#2536 = FILL_AREA_STYLE('',(#2537));
#2537 = FILL_AREA_STYLE_COLOUR('',#2538);
#2538 = COLOUR_RGB('',5.098039223325E-02,0.298039221799,0.749019635948);
#2539 = CURVE_STYLE('',#2540,POSITIVE_LENGTH_MEASURE(0.1),#2509);
#2540 = DRAUGHTING_PRE_DEFINED_CURVE_FONT('continuous');
#2541 = MECHANICAL_DESIGN_GEOMETRIC_PRESENTATION_REPRESENTATION('',(
    #2542),#2487);
#2542 = STYLED_ITEM('color',(#2543),#2337);
#2543 = PRESENTATION_STYLE_ASSIGNMENT((#2544,#2550));
#2544 = SURFACE_STYLE_USAGE(.BOTH.,#2545);
#2545 = SURFACE_SIDE_STYLE('',(#2546));
#2546 = SURFACE_STYLE_FILL_AREA(#2547);
#2547 = FILL_AREA_STYLE('',(#2548));
#2548 = FILL_AREA_STYLE_COLOUR('',#2549);
#2549 = COLOUR_RGB('',0.72156863771,0.72156863771,0.72156863771);
#2550 = CURVE_STYLE('',#2551,POSITIVE_LENGTH_MEASURE(0.1),#2509);
#2551 = DRAUGHTING_PRE_DEFINED_CURVE_FONT('continuous');
#2552 = MECHANICAL_DESIGN_GEOMETRIC_PRESENTATION_REPRESENTATION('',(
    #2553),#484);
#2553 = STYLED_ITEM('color',(#2554),#431);
#2554 = PRESENTATION_STYLE_ASSIGNMENT((#2555,#2561));
#2555 = SURFACE_STYLE_USAGE(.BOTH.,#2556);
#2556 = SURFACE_SIDE_STYLE('',(#2557));
#2557 = SURFACE_STYLE_FILL_AREA(#2558);
#2558 = FILL_AREA_STYLE('',(#2559));
#2559 = FILL_AREA_STYLE_COLOUR('',#2560);
#2560 = COLOUR_RGB('',5.882352716007E-02,5.882352716007E-02,
  5.882352716007E-02);
#2561 = CURVE_STYLE('',#2562,POSITIVE_LENGTH_MEASURE(0.1),#2509);
#2562 = DRAUGHTING_PRE_DEFINED_CURVE_FONT('continuous');
#2563 = MECHANICAL_DESIGN_GEOMETRIC_PRESENTATION_REPRESENTATION('',(
    #2564),#653);
#2564 = STYLED_ITEM('color',(#2565),#503);
#2565 = PRESENTATION_STYLE_ASSIGNMENT((#2566,#2571));
#2566 = SURFACE_STYLE_USAGE(.BOTH.,#2567);
#2567 = SURFACE_SIDE_STYLE('',(#2568));
#2568 = SURFACE_STYLE_FILL_AREA(#2569);
#2569 = FILL_AREA_STYLE('',(#2570));
#2570 = FILL_AREA_STYLE_COLOUR('',#2538);
#2571 = CURVE_STYLE('',#2572,POSITIVE_LENGTH_MEASURE(0.1),#2509);
#2572 = DRAUGHTING_PRE_DEFINED_CURVE_FONT('continuous');
#2573 = MECHANICAL_DESIGN_GEOMETRIC_PRESENTATION_REPRESENTATION('',(
    #2574),#412);
#2574 = STYLED_ITEM('color',(#2575),#262);
#2575 = PRESENTATION_STYLE_ASSIGNMENT((#2576,#2582));
#2576 = SURFACE_STYLE_USAGE(.BOTH.,#2577);
#2577 = SURFACE_SIDE_STYLE('',(#2578));
#2578 = SURFACE_STYLE_FILL_AREA(#2579);
#2579 = FILL_AREA_STYLE('',(#2580));
#2580 = FILL_AREA_STYLE_COLOUR('',#2581);
#2581 = COLOUR_RGB('',7.843137629354E-02,7.843137629354E-02,
  7.843137629354E-02);
#2582 = CURVE_STYLE('',#2583,POSITIVE_LENGTH_MEASURE(0.1),#2509);
#2583 = DRAUGHTING_PRE_DEFINED_CURVE_FONT('continuous');
#2584 = MECHANICAL_DESIGN_GEOMETRIC_PRESENTATION_REPRESENTATION('',(
    #2585),#1811);
#2585 = STYLED_ITEM('color',(#2586),#1661);
#2586 = PRESENTATION_STYLE_ASSIGNMENT((#2587,#2592));
#2587 = SURFACE_STYLE_USAGE(.BOTH.,#2588);
#2588 = SURFACE_SIDE_STYLE('',(#2589));
#2589 = SURFACE_STYLE_FILL_AREA(#2590);
#2590 = FILL_AREA_STYLE('',(#2591));
#2591 = FILL_AREA_STYLE_COLOUR('',#2509);
#2592 = CURVE_STYLE('',#2593,POSITIVE_LENGTH_MEASURE(0.1),#2509);
#2593 = DRAUGHTING_PRE_DEFINED_CURVE_FONT('continuous');
#2594 = MECHANICAL_DESIGN_GEOMETRIC_PRESENTATION_REPRESENTATION('',(
    #2595),#1473);
#2595 = STYLED_ITEM('color',(#2596),#1323);
#2596 = PRESENTATION_STYLE_ASSIGNMENT((#2597,#2602));
#2597 = SURFACE_STYLE_USAGE(.BOTH.,#2598);
#2598 = SURFACE_SIDE_STYLE('',(#2599));
#2599 = SURFACE_STYLE_FILL_AREA(#2600);
#2600 = FILL_AREA_STYLE('',(#2601));
#2601 = FILL_AREA_STYLE_COLOUR('',#2509);
#2602 = CURVE_STYLE('',#2603,POSITIVE_LENGTH_MEASURE(0.1),#2509);
#2603 = DRAUGHTING_PRE_DEFINED_CURVE_FONT('continuous');
#2604 = MECHANICAL_DESIGN_GEOMETRIC_PRESENTATION_REPRESENTATION('',(
    #2605),#243);
#2605 = STYLED_ITEM('color',(#2606),#93);
#2606 = PRESENTATION_STYLE_ASSIGNMENT((#2607,#2613));
#2607 = SURFACE_STYLE_USAGE(.BOTH.,#2608);
#2608 = SURFACE_SIDE_STYLE('',(#2609));
#2609 = SURFACE_STYLE_FILL_AREA(#2610);
#2610 = FILL_AREA_STYLE('',(#2611));
#2611 = FILL_AREA_STYLE_COLOUR('',#2612);
#2612 = COLOUR_RGB('',5.098039223325E-02,0.25098037884,0.749019635948);
#2613 = CURVE_STYLE('',#2614,POSITIVE_LENGTH_MEASURE(0.1),#2509);
#2614 = DRAUGHTING_PRE_DEFINED_CURVE_FONT('continuous');
#2615 = MECHANICAL_DESIGN_GEOMETRIC_PRESENTATION_REPRESENTATION('',(
    #2616),#822);
#2616 = STYLED_ITEM('color',(#2617),#672);
#2617 = PRESENTATION_STYLE_ASSIGNMENT((#2618,#2624));
#2618 = SURFACE_STYLE_USAGE(.BOTH.,#2619);
#2619 = SURFACE_SIDE_STYLE('',(#2620));
#2620 = SURFACE_STYLE_FILL_AREA(#2621);
#2621 = FILL_AREA_STYLE('',(#2622));
#2622 = FILL_AREA_STYLE_COLOUR('',#2623);
#2623 = COLOUR_RGB('',0.600000020288,0.619607810787,0.650980421574);
#2624 = CURVE_STYLE('',#2625,POSITIVE_LENGTH_MEASURE(0.1),#2509);
#2625 = DRAUGHTING_PRE_DEFINED_CURVE_FONT('continuous');
#2626 = MECHANICAL_DESIGN_GEOMETRIC_PRESENTATION_REPRESENTATION('',(
    #2627),#2318);
#2627 = STYLED_ITEM('color',(#2628),#2168);
#2628 = PRESENTATION_STYLE_ASSIGNMENT((#2629,#2634));
#2629 = SURFACE_STYLE_USAGE(.BOTH.,#2630);
#2630 = SURFACE_SIDE_STYLE('',(#2631));
#2631 = SURFACE_STYLE_FILL_AREA(#2632);
#2632 = FILL_AREA_STYLE('',(#2633));
#2633 = FILL_AREA_STYLE_COLOUR('',#2549);
#2634 = CURVE_STYLE('',#2635,POSITIVE_LENGTH_MEASURE(0.1),#2509);
#2635 = DRAUGHTING_PRE_DEFINED_CURVE_FONT('continuous');
#2636 = MECHANICAL_DESIGN_GEOMETRIC_PRESENTATION_REPRESENTATION('',(
    #2637),#1160);
#2637 = STYLED_ITEM('color',(#2638),#1010);
#2638 = PRESENTATION_STYLE_ASSIGNMENT((#2639,#2645));
#2639 = SURFACE_STYLE_USAGE(.BOTH.,#2640);
#2640 = SURFACE_SIDE_STYLE('',(#2641));
#2641 = SURFACE_STYLE_FILL_AREA(#2642);
#2642 = FILL_AREA_STYLE('',(#2643));
#2643 = FILL_AREA_STYLE_COLOUR('',#2644);
#2644 = COLOUR_RGB('',0.650980421574,0.650980421574,0.619607810787);
#2645 = CURVE_STYLE('',#2646,POSITIVE_LENGTH_MEASURE(0.1),#2509);
#2646 = DRAUGHTING_PRE_DEFINED_CURVE_FONT('continuous');
#2647 = MECHANICAL_DESIGN_GEOMETRIC_PRESENTATION_REPRESENTATION('',(
    #2648),#2149);
#2648 = STYLED_ITEM('color',(#2649),#1999);
#2649 = PRESENTATION_STYLE_ASSIGNMENT((#2650,#2655));
#2650 = SURFACE_STYLE_USAGE(.BOTH.,#2651);
#2651 = SURFACE_SIDE_STYLE('',(#2652));
#2652 = SURFACE_STYLE_FILL_AREA(#2653);
#2653 = FILL_AREA_STYLE('',(#2654));
#2654 = FILL_AREA_STYLE_COLOUR('',#2549);
#2655 = CURVE_STYLE('',#2656,POSITIVE_LENGTH_MEASURE(0.1),#2509);
#2656 = DRAUGHTING_PRE_DEFINED_CURVE_FONT('continuous');
#2657 = MECHANICAL_DESIGN_GEOMETRIC_PRESENTATION_REPRESENTATION('',(
    #2658),#1642);
#2658 = STYLED_ITEM('color',(#2659),#1492);
#2659 = PRESENTATION_STYLE_ASSIGNMENT((#2660,#2665));
#2660 = SURFACE_STYLE_USAGE(.BOTH.,#2661);
#2661 = SURFACE_SIDE_STYLE('',(#2662));
#2662 = SURFACE_STYLE_FILL_AREA(#2663);
#2663 = FILL_AREA_STYLE('',(#2664));
#2664 = FILL_AREA_STYLE_COLOUR('',#2509);
#2665 = CURVE_STYLE('',#2666,POSITIVE_LENGTH_MEASURE(0.1),#2509);
#2666 = DRAUGHTING_PRE_DEFINED_CURVE_FONT('continuous');
ENDSEC;
END-ISO-10303-21;
